StartDate,EndDate,Status,Progress,Duration (in seconds),Finished,RecordedDate,ResponseId,RecipientLastName,RecipientFirstName,RecipientEmail,ExternalReference,DistributionChannel,UserLanguage,Last Seen Flow Element ID,Last Seen Question IDs,Consent Form,S1,S2,S3,S4,HH,HL,LH,LL,CT1,CT2,CT3,CT4,PT1,PT2,PT3,PT4,PKA1,PKA2,PKA3,PKA4,Attention Check,MC-CV1,MC-CV2,MC-ID1,MC-ID2,MC-ID3,DEM 1,DEM 2,DEM 3,DEM 4,Condition
Start Date,End Date,Response Type,Progress,Duration (in seconds),Finished,Recorded Date,Response ID,Recipient Last Name,Recipient First Name,Recipient Email,External Data Reference,Distribution Channel,User Language,Last Seen Flow Element ID,Last Seen Question IDs,"Please complete this consent form after you have read the Participant Information Sheet.

I confirm that I have read and understood the information sheet dated 06/08/26 for the above project and that I meet the eligibility criteria. I confirm I have had the opportunity to consider the information provided and to ask questions which have been answered to my satisfaction.

I consent voluntarily to be a participant in this project and understand that I can refuse to take part and can withdraw from the project at any time, without having to give a reason. Once I submit my responses, it will no longer be possible to withdraw my data because the data collected through this study will be fully anonymous.

I understand my information will be processed for the purposes explained to me in the Information Sheet. I understand that such information will be handled under the terms of UK data protection law, including the UK GDPR and the Data Protection Act 2018.

I understand that my information may be subject to review by responsible individuals from the College for monitoring and audit purposes.",Are you aged 18 or above?,Are you able to read and understand English comfortably?,How often do you use social media?,"In the past six months, have you come across product recommendations made by creators or influencers on social media?","Please read the following social media post carefully, as you would if you came across it on social media.","Please read the following social media post carefully, as you would if you came across it on social media.","Please read the following social media post carefully, as you would if you came across it on social media.","Please read the following social media post carefully, as you would if you came across it on social media.",This recommendation appears to reflect genuine concern for consumers like me.,This recommendation appears to have consumers' best interests in mind.,This recommendation provides honest information about the product.,I believe the information in this recommendation is sincere.,This platform appears to have adequate safeguards to protect consumers.,This platform appears to have structures in place to ensure transactions are handled fairly.,This platform seems to provide a reliable shopping environment.,Shopping through this platform would feel safe.,I recognise that this post has a commercial purpose.,I understand that this post is intended to promote the product.,I am aware that the creator is trying to influence consumers' views of the product.,I recognise that the creator may benefit commercially from this recommendation.,This is an attention check. Please select Strongly Agree for this item.,This post clearly indicated a commercial relationship between the creator and the brand.,Commercial features were clearly visible in this post.,The information in this post was helpful for me to evaluate whether this product suits my needs.,The information in this post provided enough detail for me to judge the product's performance.,The information in this post helped me understand how the product would perform.,What is your age group?,What is your gender?,Have you ever purchased a product after seeing it recommended by a creator or influencer on social media?,How familiar are you with facial moisturiser products?,Condition
"{""ImportId"":""startDate"",""timeZone"":""America/Denver""}","{""ImportId"":""endDate"",""timeZone"":""America/Denver""}","{""ImportId"":""status""}","{""ImportId"":""progress""}","{""ImportId"":""duration""}","{""ImportId"":""finished""}","{""ImportId"":""recordedDate"",""timeZone"":""America/Denver""}","{""ImportId"":""_recordId""}","{""ImportId"":""recipientLastName""}","{""ImportId"":""recipientFirstName""}","{""ImportId"":""recipientEmail""}","{""ImportId"":""externalDataReference""}","{""ImportId"":""distributionChannel""}","{""ImportId"":""userLanguage""}","{""ImportId"":""LastSeenFlowID""}","{""ImportId"":""LastSeenQuestions""}","{""ImportId"":""QID3""}","{""ImportId"":""QID4""}","{""ImportId"":""QID5""}","{""ImportId"":""QID6""}","{""ImportId"":""QID7""}","{""ImportId"":""QID8""}","{""ImportId"":""QID9""}","{""ImportId"":""QID10""}","{""ImportId"":""QID50""}","{""ImportId"":""QID64""}","{""ImportId"":""QID66""}","{""ImportId"":""QID67""}","{""ImportId"":""QID68""}","{""ImportId"":""QID69""}","{""ImportId"":""QID70""}","{""ImportId"":""QID73""}","{""ImportId"":""QID74""}","{""ImportId"":""QID75""}","{""ImportId"":""QID76""}","{""ImportId"":""QID77""}","{""ImportId"":""QID78""}","{""ImportId"":""QID16""}","{""ImportId"":""QID79""}","{""ImportId"":""QID80""}","{""ImportId"":""QID81""}","{""ImportId"":""QID82""}","{""ImportId"":""QID83""}","{""ImportId"":""QID20""}","{""ImportId"":""QID21""}","{""ImportId"":""QID22""}","{""ImportId"":""QID23""}","{""ImportId"":""Condition""}"
09/09/2026 02:53,09/09/2026 02:54,Survey Preview,100,34,TRUE,09/09/2026 02:54,R_90VERfSVZ29Y74p,,,,,preview,EN,FL_EOS_ID,,I agree,No,,,,,,,,,,,,,,,,,,,,,,,,,,,,,,
09/09/2026 02:54,09/09/2026 02:56,Survey Preview,100,101,TRUE,09/09/2026 02:56,R_9h5Mm2SWHRIcs2R,,,,,preview,ZH-S,FL_EOS_ID,,I agree,Yes,Yes,Daily,Yes,,,Please confirm you have read the post before continuing.,,Agree,Agree,Strongly agree,Strongly agree,Neither agree nor disagree,Agree,Somewhat disagree,Somewhat disagree,Disagree,Neither agree nor disagree,Agree,Disagree,Strongly agree,Strongly disagree,Disagree,Agree,Strongly agree,Strongly agree,25-34,Woman,Yes,Very familiar,LH
09/09/2026 03:12,09/09/2026 03:13,Survey Preview,100,87,TRUE,09/09/2026 03:13,R_9wlwez83wIQOGu5,,,,,preview,ZH-S,FL_EOS_ID,,I agree,Yes,Yes,I don't use social media,No,Please confirm you have read the post before continuing.,,,,Somewhat agree,Strongly agree,Strongly agree,Strongly agree,Somewhat agree,Neither agree nor disagree,Somewhat agree,Somewhat agree,Strongly agree,Strongly agree,Strongly agree,Strongly agree,Strongly agree,Strongly agree,Strongly agree,Agree,Strongly agree,Strongly agree,25-34,Woman,Yes,Extremely familiar,HH
09/09/2026 03:20,09/09/2026 03:22,IP Address,100,113,TRUE,09/09/2026 03:22,R_4yrrrqVoyUYeaTQ,,,,,anonymous,EN,FL_EOS_ID,,I agree,Yes,Yes,Daily,Yes,,,,Please confirm you have read the post before continuing.,Somewhat disagree,Disagree,Neither agree nor disagree,Disagree,Neither agree nor disagree,Somewhat disagree,Neither agree nor disagree,Somewhat disagree,Disagree,Somewhat agree,Agree,Disagree,Strongly agree,Disagree,Strongly disagree,Neither agree nor disagree,Disagree,Disagree,25-34,Woman,Yes,Extremely familiar,LL
09/09/2026 03:22,09/09/2026 03:23,IP Address,100,79,TRUE,09/09/2026 03:23,R_4HPcqEiLQdCMGtP,,,,,anonymous,ZH-S,FL_EOS_ID,,I agree,Yes,Yes,Daily,Yes,,Please confirm you have read the post before continuing.,,,Somewhat disagree,Disagree,Disagree,Somewhat disagree,Somewhat disagree,Disagree,Somewhat agree,Neither agree nor disagree,Strongly agree,Strongly agree,Strongly agree,Strongly agree,Strongly agree,Strongly agree,Strongly agree,Somewhat disagree,Disagree,Disagree,18-24,Woman,Yes,Quite familiar,HL
09/09/2026 03:23,09/09/2026 03:25,IP Address,100,87,TRUE,09/09/2026 03:25,R_4fe8Aq2FvHspK72,,,,,anonymous,ZH-S,FL_EOS_ID,,I agree,Yes,Yes,Daily,Yes,,,Please confirm you have read the post before continuing.,,Agree,Agree,Strongly agree,Strongly agree,Somewhat disagree,Disagree,Neither agree nor disagree,Neither agree nor disagree,Disagree,Somewhat agree,Agree,Strongly disagree,Strongly agree,Strongly disagree,Strongly disagree,Strongly agree,Strongly agree,Strongly agree,25-34,Woman,Yes,Quite familiar,LH
09/09/2026 03:25,09/09/2026 03:26,IP Address,100,69,TRUE,09/09/2026 03:26,R_4CqB0Ua9X8YTPxO,,,,,anonymous,ZH-S,FL_EOS_ID,,I agree,Yes,Yes,Daily,Yes,Please confirm you have read the post before continuing.,,,,Agree,Agree,Strongly agree,Agree,Agree,Somewhat agree,Somewhat agree,Neither agree nor disagree,Strongly agree,Strongly agree,Strongly agree,Strongly agree,Strongly agree,Strongly agree,Strongly agree,Strongly agree,Strongly agree,Strongly agree,25-34,Woman,Yes,Very familiar,HH
09/09/2026 03:27,09/09/2026 03:32,IP Address,100,314,TRUE,09/09/2026 03:32,R_70oBn4ruHvk1bcg,,,,,anonymous,ZH-S,FL_EOS_ID,,I agree,Yes,Yes,Daily,Yes,,Please confirm you have read the post before continuing.,,,Disagree,Disagree,Disagree,Disagree,Neither agree nor disagree,Neither agree nor disagree,Somewhat disagree,Disagree,Agree,Agree,Agree,Agree,Strongly agree,Somewhat agree,Somewhat agree,Somewhat disagree,Neither agree nor disagree,Neither agree nor disagree,25-34,Woman,No,Moderately familiar,HL
09/09/2026 03:31,09/09/2026 03:33,IP Address,100,98,TRUE,09/09/2026 03:33,R_2g8yRcylHVAiWLh,,,,,anonymous,ZH-S,FL_EOS_ID,,I agree,Yes,Yes,Daily,Yes,,Please confirm you have read the post before continuing.,,,Somewhat disagree,Disagree,Strongly disagree,Neither agree nor disagree,Neither agree nor disagree,Somewhat disagree,Neither agree nor disagree,Neither agree nor disagree,Strongly agree,Strongly agree,Strongly agree,Strongly agree,Strongly agree,Strongly agree,Strongly agree,Somewhat disagree,Disagree,Strongly disagree,25-34,Woman,Yes,Moderately familiar,HL
09/09/2026 03:31,09/09/2026 03:35,IP Address,100,234,TRUE,09/09/2026 03:35,R_43lPPrbtFoihsXO,,,,,anonymous,ZH-S,FL_EOS_ID,,I agree,Yes,Yes,Daily,Yes,,,,Please confirm you have read the post before continuing.,Somewhat agree,Disagree,Disagree,Disagree,Disagree,Disagree,Disagree,Disagree,Strongly agree,Strongly agree,Strongly agree,Strongly agree,Strongly agree,Somewhat disagree,Somewhat agree,Neither agree nor disagree,Disagree,Neither agree nor disagree,25-34,Man,Yes,Slightly familiar,LL
09/09/2026 03:34,09/09/2026 03:36,IP Address,100,133,TRUE,09/09/2026 03:36,R_22JAn97g1DSKa6T,,,,,anonymous,ZH-S,FL_EOS_ID,,I agree,Yes,Yes,Daily,Yes,Please confirm you have read the post before continuing.,,,,Somewhat disagree,Somewhat disagree,Neither agree nor disagree,Neither agree nor disagree,Disagree,Disagree,Somewhat disagree,Neither agree nor disagree,Agree,Agree,Agree,Agree,Strongly agree,Neither agree nor disagree,Somewhat agree,Neither agree nor disagree,Somewhat disagree,Neither agree nor disagree,18-24,Woman,Yes,Quite familiar,HH
09/09/2026 03:36,09/09/2026 03:38,IP Address,100,91,TRUE,09/09/2026 03:38,R_8V8dvppf5pig8nN,,,,,anonymous,ZH-S,FL_EOS_ID,,I agree,Yes,Yes,Daily,Yes,,,Please confirm you have read the post before continuing.,,Strongly agree,Agree,Strongly agree,Strongly agree,Neither agree nor disagree,Somewhat agree,Somewhat agree,Agree,Disagree,Disagree,Agree,Strongly disagree,Strongly agree,Disagree,Strongly disagree,Strongly agree,Agree,Strongly agree,25-34,Woman,Yes,Very familiar,LH
09/09/2026 03:37,09/09/2026 03:39,IP Address,100,122,TRUE,09/09/2026 03:39,R_3gMCvD64GrWFgV0,,,,,anonymous,ZH-S,FL_EOS_ID,,I agree,Yes,Yes,Several times a week,Yes,,Please confirm you have read the post before continuing.,,,Strongly disagree,Strongly disagree,Strongly disagree,Strongly disagree,Neither agree nor disagree,Neither agree nor disagree,Neither agree nor disagree,Somewhat disagree,Strongly agree,Strongly agree,Strongly agree,Strongly agree,Strongly agree,Agree,Somewhat agree,Strongly disagree,Strongly disagree,Strongly disagree,25-34,Woman,No,Somewhat familiar,HL
09/09/2026 03:35,09/09/2026 03:39,IP Address,100,235,TRUE,09/09/2026 03:39,R_2JDueCL9ZfR6GtH,,,,,anonymous,ZH-S,FL_EOS_ID,,I agree,Yes,Yes,Once a week,Yes,,,,Please confirm you have read the post before continuing.,Strongly disagree,Strongly disagree,Strongly disagree,Strongly disagree,Neither agree nor disagree,Neither agree nor disagree,Neither agree nor disagree,Neither agree nor disagree,Strongly agree,Strongly agree,Strongly agree,Strongly agree,Strongly agree,Somewhat agree,Strongly agree,Strongly disagree,Strongly disagree,Strongly disagree,25-34,Man,No,Slightly familiar,LL
09/09/2026 03:38,09/09/2026 03:40,IP Address,100,133,TRUE,09/09/2026 03:40,R_9mFDK3B2MZMdN3H,,,,,anonymous,ZH-S,FL_EOS_ID,,I agree,Yes,Yes,Daily,Yes,Please confirm you have read the post before continuing.,,,,Disagree,Disagree,Neither agree nor disagree,Disagree,Neither agree nor disagree,Neither agree nor disagree,Somewhat disagree,Neither agree nor disagree,Somewhat agree,Somewhat agree,Somewhat agree,Strongly agree,Strongly agree,Agree,Agree,Somewhat agree,Agree,Agree,18-24,Woman,Yes,,HH
09/09/2026 03:40,09/09/2026 03:41,IP Address,100,87,TRUE,09/09/2026 03:41,R_9nYOQ0uH9KIc5Tr,,,,,anonymous,ZH-S,FL_EOS_ID,,I agree,Yes,Yes,Daily,Yes,,,Please confirm you have read the post before continuing.,,Somewhat disagree,Disagree,Somewhat disagree,Disagree,Somewhat disagree,Disagree,Somewhat disagree,Somewhat disagree,Agree,Strongly agree,Agree,Strongly agree,Strongly agree,Disagree,Agree,Disagree,Somewhat disagree,Disagree,25-34,Woman,Yes,Quite familiar,LH
09/09/2026 03:37,09/09/2026 03:41,IP Address,100,242,TRUE,09/09/2026 03:41,R_46mwSfgQ7ZntBXW,,,,,anonymous,EN,FL_EOS_ID,,I agree,Yes,Yes,Daily,Yes,,,,Please confirm you have read the post before continuing.,Neither agree nor disagree,Neither agree nor disagree,Somewhat disagree,Somewhat disagree,Somewhat disagree,Somewhat disagree,Somewhat disagree,Somewhat disagree,Strongly agree,Strongly agree,Strongly agree,Strongly agree,Strongly agree,Somewhat agree,Strongly agree,Somewhat disagree,Somewhat disagree,Somewhat disagree,25-34,Woman,Yes,Slightly familiar,LL
09/09/2026 03:41,09/09/2026 03:42,IP Address,100,95,TRUE,09/09/2026 03:42,R_4mS71mwkADvSJPP,,,,,anonymous,ZH-S,FL_EOS_ID,,I agree,Yes,Yes,Daily,Yes,,,,Please confirm you have read the post before continuing.,Neither agree nor disagree,Somewhat agree,Somewhat agree,Agree,Disagree,Disagree,Neither agree nor disagree,Neither agree nor disagree,Agree,Strongly agree,Agree,Strongly agree,Strongly agree,Agree,Agree,Somewhat agree,Somewhat disagree,Somewhat agree,25-34,Man,Yes,Moderately familiar,LL
09/09/2026 03:41,09/09/2026 03:44,IP Address,100,158,TRUE,09/09/2026 03:44,R_7i8VtP1L0wEEROV,,,,,anonymous,ZH-S,FL_EOS_ID,,I agree,Yes,Yes,Daily,Yes,,Please confirm you have read the post before continuing.,,,Somewhat disagree,Somewhat disagree,Somewhat disagree,Neither agree nor disagree,Somewhat agree,Neither agree nor disagree,Somewhat agree,Neither agree nor disagree,Agree,Somewhat agree,Somewhat agree,Somewhat agree,Strongly agree,Somewhat agree,Somewhat agree,Somewhat disagree,Somewhat disagree,Somewhat disagree,25-34,Woman,Yes,Moderately familiar,HL
09/09/2026 03:55,09/09/2026 03:58,IP Address,100,185,TRUE,09/09/2026 03:58,R_5vdMXCg5sim5lIJ,,,,,anonymous,ZH-S,FL_EOS_ID,,I agree,Yes,Yes,Daily,Yes,Please confirm you have read the post before continuing.,,,,Agree,Strongly agree,Strongly agree,Strongly agree,Somewhat agree,Neither agree nor disagree,Agree,Somewhat agree,Somewhat agree,Strongly agree,Agree,Agree,Strongly agree,Somewhat agree,Somewhat agree,Agree,Agree,Agree,25-34,Woman,Yes,Very familiar,HH
09/09/2026 03:57,09/09/2026 03:59,IP Address,100,118,TRUE,09/09/2026 03:59,R_1CjlRT1vRtwcUi6,,,,,anonymous,ZH-S,FL_EOS_ID,,I agree,Yes,Yes,Daily,Yes,,,,Please confirm you have read the post before continuing.,Somewhat disagree,Somewhat disagree,Somewhat disagree,Disagree,Disagree,Disagree,Disagree,Disagree,Agree,Agree,Agree,Agree,Strongly agree,Somewhat agree,Agree,Somewhat disagree,Neither agree nor disagree,Neither agree nor disagree,25-34,Man,Yes,Slightly familiar,LL
09/09/2026 03:47,09/09/2026 04:03,IP Address,100,959,TRUE,09/09/2026 04:03,R_3fRWuoq486femHv,,,,,anonymous,ZH-S,FL_EOS_ID,,I agree,Yes,Yes,Daily,Yes,,,Please confirm you have read the post before continuing.,,Strongly agree,Strongly agree,Strongly agree,Strongly agree,Strongly agree,Strongly agree,Strongly agree,Strongly agree,Strongly agree,Strongly agree,Strongly agree,Strongly agree,Strongly agree,Strongly agree,Strongly agree,Strongly agree,Strongly agree,Strongly agree,45 or above,Man,Yes,Quite familiar,LH
09/09/2026 04:02,09/09/2026 04:05,IP Address,100,141,TRUE,09/09/2026 04:05,R_2qBA36YWZigBOZX,,,,,anonymous,ZH-S,FL_EOS_ID,,I agree,Yes,Yes,Daily,Yes,,Please confirm you have read the post before continuing.,,,Disagree,Disagree,Somewhat disagree,Neither agree nor disagree,Strongly disagree,Strongly disagree,Disagree,Disagree,Strongly agree,Strongly agree,Agree,Strongly agree,Strongly agree,Somewhat agree,Strongly agree,Strongly disagree,Strongly disagree,Disagree,18-24,Woman,No,Somewhat familiar,HL
09/09/2026 04:05,09/09/2026 04:10,IP Address,100,292,TRUE,09/09/2026 04:10,R_1QWSAZLby7PhplH,,,,,anonymous,ZH-S,FL_EOS_ID,,I agree,Yes,Yes,Daily,Yes,,,,Please confirm you have read the post before continuing.,Agree,Agree,Agree,Strongly agree,Strongly agree,Agree,Agree,Strongly agree,Strongly agree,Agree,Agree,Agree,Strongly agree,Strongly agree,Strongly agree,Strongly agree,Strongly agree,Strongly agree,45 or above,Woman,Yes,Quite familiar,LL
09/09/2026 04:11,09/09/2026 04:13,IP Address,100,112,TRUE,09/09/2026 04:13,R_5iP708no2GSKGR2,,,,,anonymous,ZH-S,FL_EOS_ID,,I agree,Yes,Yes,Daily,Yes,Please confirm you have read the post before continuing.,,,,Agree,Agree,Agree,Agree,Agree,Agree,Agree,Agree,Strongly agree,Strongly agree,Strongly agree,Strongly agree,Strongly agree,Strongly agree,Strongly agree,Strongly agree,Strongly agree,Strongly agree,45 or above,Woman,Yes,Quite familiar,HH
09/09/2026 04:12,09/09/2026 04:13,IP Address,100,95,TRUE,09/09/2026 04:13,R_8ZF2DVB1zg34oZH,,,,,anonymous,ZH-S,FL_EOS_ID,,I agree,Yes,Yes,Daily,Yes,,Please confirm you have read the post before continuing.,,,Neither agree nor disagree,Somewhat disagree,Somewhat agree,Neither agree nor disagree,Somewhat disagree,Somewhat disagree,Neither agree nor disagree,Somewhat disagree,Agree,Agree,Agree,Agree,Strongly agree,Agree,Agree,Somewhat disagree,Somewhat disagree,Somewhat disagree,18-24,Woman,Yes,Moderately familiar,HL
09/09/2026 04:02,09/09/2026 04:13,IP Address,100,655,TRUE,09/09/2026 04:13,R_9YmYaQwTqeFO6pX,,,,,anonymous,ZH-S,FL_EOS_ID,,I agree,Yes,Yes,Daily,Yes,Please confirm you have read the post before continuing.,,,,Neither agree nor disagree,Neither agree nor disagree,Neither agree nor disagree,Neither agree nor disagree,Neither agree nor disagree,Neither agree nor disagree,Neither agree nor disagree,Neither agree nor disagree,Agree,Agree,Agree,Agree,Strongly agree,Neither agree nor disagree,Neither agree nor disagree,Neither agree nor disagree,Neither agree nor disagree,Neither agree nor disagree,25-34,Man,Not sure / Cannot remember,Slightly familiar,HH
09/09/2026 04:11,09/09/2026 04:15,IP Address,100,227,TRUE,09/09/2026 04:15,R_4Eg3AT5tYn64V4S,,,,,anonymous,ZH-S,FL_EOS_ID,,I agree,Yes,Yes,Daily,Yes,,Please confirm you have read the post before continuing.,,,Somewhat disagree,Somewhat disagree,Somewhat agree,Neither agree nor disagree,Disagree,Disagree,Disagree,Disagree,Agree,Agree,Somewhat agree,Agree,Strongly agree,Agree,Somewhat agree,Somewhat agree,Somewhat agree,Somewhat agree,25-34,Woman,Not sure / Cannot remember,Somewhat familiar,HL
09/09/2026 04:13,09/09/2026 04:18,IP Address,100,290,TRUE,09/09/2026 04:18,R_7S0S2zTTRmey0rb,,,,,anonymous,ZH-S,FL_EOS_ID,,I agree,Yes,Yes,Daily,Yes,Please confirm you have read the post before continuing.,,,,Strongly agree,Strongly agree,Strongly agree,Strongly agree,Strongly agree,Strongly agree,Strongly agree,Strongly agree,Strongly agree,Strongly agree,Strongly agree,Strongly agree,Strongly agree,Strongly agree,Strongly agree,Strongly agree,Strongly agree,Strongly agree,45 or above,Man,Yes,Quite familiar,HH
09/09/2026 04:19,09/09/2026 04:21,IP Address,100,81,TRUE,09/09/2026 04:21,R_4dzHvQxMOzaJYIa,,,,,anonymous,ZH-S,FL_EOS_ID,,I agree,Yes,Yes,Daily,Yes,,,,Please confirm you have read the post before continuing.,Disagree,Disagree,Neither agree nor disagree,Disagree,Neither agree nor disagree,Disagree,Neither agree nor disagree,Somewhat disagree,Strongly agree,Somewhat agree,Neither agree nor disagree,Agree,Strongly agree,Somewhat agree,Disagree,Neither agree nor disagree,Neither agree nor disagree,Neither agree nor disagree,25-34,Man,Yes,Very familiar,LL
09/09/2026 04:09,09/09/2026 04:22,IP Address,100,823,TRUE,09/09/2026 04:22,R_9LhVqG7FayFV6El,,,,,anonymous,ZH-S,FL_EOS_ID,,I agree,Yes,Yes,Daily,Yes,,,Please confirm you have read the post before continuing.,,Neither agree nor disagree,Neither agree nor disagree,Neither agree nor disagree,Neither agree nor disagree,Neither agree nor disagree,Neither agree nor disagree,Neither agree nor disagree,Neither agree nor disagree,Somewhat agree,Agree,Somewhat agree,Agree,Strongly agree,Somewhat agree,Somewhat agree,Somewhat agree,Somewhat agree,Somewhat agree,18-24,Woman,No,Moderately familiar,LH
09/09/2026 04:27,09/09/2026 04:30,IP Address,100,197,TRUE,09/09/2026 04:30,R_428NxZlJ43rk8XK,,,,,anonymous,ZH-S,FL_EOS_ID,,I agree,Yes,Yes,Daily,Yes,,,Please confirm you have read the post before continuing.,,Somewhat agree,Somewhat agree,Somewhat agree,Neither agree nor disagree,Somewhat disagree,Somewhat disagree,Somewhat disagree,Disagree,Agree,Agree,Agree,Agree,Strongly agree,Somewhat disagree,Somewhat disagree,Agree,Somewhat agree,Somewhat agree,25-34,Woman,Yes,Extremely familiar,LH
09/09/2026 04:29,09/09/2026 04:30,IP Address,100,117,TRUE,09/09/2026 04:30,R_5PTRAypHQsfkY0l,,,,,anonymous,ZH-S,FL_EOS_ID,,I agree,Yes,Yes,Daily,Yes,Please confirm you have read the post before continuing.,,,,Strongly agree,Strongly agree,Strongly agree,Strongly agree,Strongly agree,Strongly agree,Strongly agree,Strongly agree,Strongly agree,Strongly agree,Strongly agree,Strongly agree,Strongly agree,Strongly agree,Strongly agree,Strongly agree,Strongly agree,Strongly agree,45 or above,Woman,Yes,Very familiar,HH
09/09/2026 04:31,09/09/2026 04:32,IP Address,100,87,TRUE,09/09/2026 04:32,R_3PSMQ1NFZK5PK06,,,,,anonymous,ZH-S,FL_EOS_ID,,I agree,Yes,Yes,Daily,Yes,,Please confirm you have read the post before continuing.,,,Strongly agree,Strongly agree,Strongly agree,Strongly agree,Strongly agree,Strongly agree,Strongly agree,Strongly agree,Strongly agree,Strongly agree,Strongly agree,Strongly agree,Strongly agree,Strongly agree,Strongly agree,Strongly agree,Strongly agree,Strongly agree,45 or above,Woman,Yes,Extremely familiar,HL
09/09/2026 04:40,09/09/2026 04:41,IP Address,100,65,TRUE,09/09/2026 04:41,R_434yqiZvI6Ww4Jn,,,,,anonymous,EN,FL_EOS_ID,,I agree,Yes,Yes,Daily,Yes,Please confirm you have read the post before continuing.,,,,Strongly agree,Agree,Somewhat agree,Somewhat agree,Neither agree nor disagree,Neither agree nor disagree,Neither agree nor disagree,Neither agree nor disagree,Strongly agree,Strongly agree,Strongly agree,Strongly agree,Strongly agree,Strongly agree,Strongly agree,Agree,Somewhat agree,Strongly agree,18-24,Woman,Yes,Very familiar,HH
09/09/2026 04:38,09/09/2026 04:41,IP Address,100,176,TRUE,09/09/2026 04:41,R_7k5S2kQp9yb1ZHW,,,,,anonymous,ZH-S,FL_EOS_ID,,I agree,Yes,Yes,Daily,Yes,,,,Please confirm you have read the post before continuing.,Strongly agree,Strongly agree,Strongly agree,Strongly agree,Strongly agree,Strongly agree,Strongly agree,Strongly agree,Agree,Agree,Agree,Agree,Strongly agree,Agree,Strongly agree,Strongly agree,Strongly agree,Strongly agree,35-44,Woman,Yes,Quite familiar,LL
09/09/2026 04:39,09/09/2026 04:41,IP Address,100,134,TRUE,09/09/2026 04:41,R_73HlpEpv7ksZt6x,,,,,anonymous,ZH-S,FL_EOS_ID,,I agree,Yes,Yes,Daily,Yes,,,Please confirm you have read the post before continuing.,,Strongly agree,Strongly agree,Strongly agree,Strongly agree,Strongly agree,Strongly agree,Strongly agree,Strongly agree,Strongly agree,Strongly agree,Strongly agree,Strongly agree,Strongly agree,Strongly agree,Strongly agree,Strongly agree,Strongly agree,Strongly agree,45 or above,Man,Yes,Quite familiar,LH
09/09/2026 04:39,09/09/2026 04:41,IP Address,100,141,TRUE,09/09/2026 04:41,R_27W0HpdeQSC6HhH,,,,,anonymous,ZH-S,FL_EOS_ID,,I agree,Yes,Yes,Daily,Yes,,,Please confirm you have read the post before continuing.,,Somewhat disagree,Somewhat agree,Somewhat agree,Somewhat agree,Somewhat disagree,Somewhat disagree,Somewhat disagree,Disagree,Strongly agree,Strongly agree,Strongly agree,Strongly agree,Strongly agree,Somewhat agree,Agree,Somewhat agree,Somewhat agree,Somewhat agree,25-34,Woman,No,Not familiar at all,LH
09/09/2026 04:47,09/09/2026 04:48,IP Address,100,65,TRUE,09/09/2026 04:48,R_9iEJ8LK8DEeX0KT,,,,,qr,ZH-S,FL_EOS_ID,,I agree,Yes,Yes,Daily,Yes,,Please confirm you have read the post before continuing.,,,Somewhat disagree,Disagree,Somewhat disagree,Neither agree nor disagree,Somewhat agree,Neither agree nor disagree,Disagree,Somewhat disagree,Strongly agree,Strongly agree,Strongly agree,Strongly agree,Strongly agree,Strongly agree,Strongly agree,Somewhat disagree,Disagree,Disagree,25-34,Woman,Yes,Moderately familiar,HL
09/09/2026 04:57,09/09/2026 04:58,IP Address,100,67,TRUE,09/09/2026 04:58,R_4q2ZOKBuW853maQ,,,,,qr,ZH-S,FL_EOS_ID,,I agree,Yes,Yes,Daily,Yes,,,,Please confirm you have read the post before continuing.,Disagree,Strongly disagree,Somewhat disagree,Somewhat disagree,Somewhat disagree,Disagree,Somewhat disagree,Disagree,Disagree,Strongly disagree,Disagree,Disagree,Strongly agree,Strongly disagree,Strongly disagree,Disagree,Disagree,Strongly disagree,25-34,Woman,Yes,Slightly familiar,LL
09/09/2026 04:55,09/09/2026 04:59,IP Address,100,236,TRUE,09/09/2026 04:59,R_3m7IZCjVHvbD4rL,,,,,anonymous,ZH-S,FL_EOS_ID,,I agree,Yes,Yes,Daily,Yes,,,,Please confirm you have read the post before continuing.,Strongly agree,Agree,Strongly agree,Agree,Agree,Agree,Agree,Agree,Agree,Agree,Strongly agree,Agree,Strongly agree,Agree,Agree,Agree,Agree,Agree,25-34,Woman,Not sure / Cannot remember,Moderately familiar,LL
09/09/2026 05:01,09/09/2026 05:04,IP Address,100,200,TRUE,09/09/2026 05:04,R_9qDbkEv488XSiDn,,,,,anonymous,ZH-S,FL_EOS_ID,,I agree,Yes,Yes,Daily,Yes,,Please confirm you have read the post before continuing.,,,Agree,Agree,Agree,Strongly agree,Agree,Somewhat agree,Somewhat agree,Somewhat agree,Strongly agree,Strongly agree,Strongly agree,Agree,Strongly agree,Somewhat agree,Strongly agree,Strongly agree,Agree,Strongly agree,25-34,Woman,Not sure / Cannot remember,Moderately familiar,HL
09/09/2026 05:00,09/09/2026 05:07,IP Address,100,428,TRUE,09/09/2026 05:07,R_3enuo5vwPYa7Qhb,,,,,anonymous,ZH-S,FL_EOS_ID,,I agree,Yes,Yes,Several times a week,Yes,,,Please confirm you have read the post before continuing.,,Somewhat agree,Neither agree nor disagree,Agree,Agree,Somewhat agree,Strongly agree,Agree,Agree,Somewhat agree,Somewhat agree,Agree,Agree,Strongly agree,Agree,Strongly agree,Strongly agree,Strongly agree,Strongly agree,25-34,Woman,Not sure / Cannot remember,Moderately familiar,LH
09/09/2026 05:08,09/09/2026 05:11,IP Address,100,159,TRUE,09/09/2026 05:11,R_71aNBIiirJduuFw,,,,,anonymous,ZH-S,FL_EOS_ID,,I agree,Yes,Yes,Daily,Yes,,,Please confirm you have read the post before continuing.,,Agree,Strongly agree,Agree,Strongly agree,Strongly agree,Strongly agree,Somewhat agree,Somewhat agree,Agree,Agree,Agree,Strongly agree,Strongly agree,Somewhat agree,Somewhat agree,Agree,Strongly agree,Strongly agree,25-34,Prefer not to say,Yes,Quite familiar,LH
09/09/2026 05:15,09/09/2026 05:16,IP Address,100,85,TRUE,09/09/2026 05:16,R_9VyOUhqUC9xhsu5,,,,,anonymous,ZH-S,FL_EOS_ID,,I agree,Yes,Yes,Daily,Yes,,Please confirm you have read the post before continuing.,,,Neither agree nor disagree,Neither agree nor disagree,Neither agree nor disagree,Neither agree nor disagree,Neither agree nor disagree,Neither agree nor disagree,Neither agree nor disagree,Neither agree nor disagree,Neither agree nor disagree,Neither agree nor disagree,Neither agree nor disagree,Neither agree nor disagree,Strongly agree,Neither agree nor disagree,Neither agree nor disagree,Neither agree nor disagree,Neither agree nor disagree,Neither agree nor disagree,25-34,Man,No,Moderately familiar,HL
09/09/2026 05:14,09/09/2026 05:18,IP Address,100,192,TRUE,09/09/2026 05:18,R_3rAg7TBHCkoTsSd,,,,,anonymous,ZH-S,FL_EOS_ID,,I agree,Yes,Yes,Daily,Yes,,Please confirm you have read the post before continuing.,,,Agree,Agree,Agree,Agree,Agree,Strongly agree,Agree,Agree,Agree,Agree,Agree,Agree,Strongly agree,Agree,Agree,Agree,Agree,Agree,35-44,Woman,Yes,Moderately familiar,HL
09/09/2026 05:15,09/09/2026 05:18,IP Address,100,174,TRUE,09/09/2026 05:18,R_4N4HVlks1CwKnPr,,,,,anonymous,ZH-S,FL_EOS_ID,,I agree,Yes,Yes,Daily,Yes,,,Please confirm you have read the post before continuing.,,Somewhat disagree,Somewhat agree,Somewhat agree,Somewhat agree,Somewhat disagree,Somewhat disagree,Neither agree nor disagree,Neither agree nor disagree,Strongly agree,Strongly agree,Strongly agree,Strongly agree,Strongly agree,Agree,Agree,Agree,Somewhat disagree,Somewhat agree,18-24,Woman,No,Somewhat familiar,LH
09/09/2026 05:15,09/09/2026 05:19,IP Address,100,245,TRUE,09/09/2026 05:19,R_9U33guvxtVPlgiB,,,,,qr,ZH-S,FL_EOS_ID,,I agree,Yes,Yes,Daily,Yes,,,,Please confirm you have read the post before continuing.,Strongly agree,Strongly agree,Strongly agree,Strongly agree,Agree,Strongly agree,Agree,Strongly agree,Agree,Agree,Strongly agree,Strongly agree,Strongly agree,Agree,Strongly agree,Strongly agree,Strongly agree,Strongly agree,35-44,Woman,Yes,Extremely familiar,LL
09/09/2026 05:17,09/09/2026 05:19,IP Address,100,141,TRUE,09/09/2026 05:19,R_6GxY0pt5zWlIdXg,,,,,anonymous,ZH-S,FL_EOS_ID,,I agree,Yes,Yes,Daily,Yes,Please confirm you have read the post before continuing.,,,,Agree,Agree,Somewhat agree,Somewhat agree,Strongly agree,Strongly agree,Strongly agree,Strongly agree,Agree,Agree,Strongly agree,Strongly agree,Strongly agree,Agree,Strongly agree,Strongly agree,Strongly agree,Strongly agree,25-34,Man,Yes,Quite familiar,HH
09/09/2026 05:00,09/09/2026 05:20,IP Address,100,1233,TRUE,09/09/2026 05:20,R_9I05qUm4KwpQtWq,,,,,anonymous,ZH-S,FL_EOS_ID,,I agree,Yes,Yes,Daily,Yes,Please confirm you have read the post before continuing.,,,,Neither agree nor disagree,Somewhat agree,Somewhat agree,Somewhat disagree,Disagree,Disagree,Somewhat disagree,Disagree,Strongly agree,Strongly agree,Agree,Agree,Strongly agree,Strongly agree,Strongly agree,Neither agree nor disagree,Neither agree nor disagree,Somewhat agree,25-34,Woman,Yes,Moderately familiar,HH
09/09/2026 05:22,09/09/2026 05:23,IP Address,100,116,TRUE,09/09/2026 05:23,R_82EtbVZsq3itzKj,,,,,anonymous,ZH-S,FL_EOS_ID,,I agree,Yes,Yes,Daily,Yes,,,,Please confirm you have read the post before continuing.,Somewhat disagree,Somewhat disagree,Neither agree nor disagree,Somewhat disagree,Disagree,Disagree,Somewhat disagree,Neither agree nor disagree,Agree,Strongly agree,Strongly agree,Strongly agree,Strongly agree,Agree,Agree,Neither agree nor disagree,Somewhat disagree,Somewhat agree,25-34,Man,Yes,Moderately familiar,LL
09/09/2026 05:25,09/09/2026 05:27,IP Address,100,142,TRUE,09/09/2026 05:27,R_8OJPR4JMJjs4Rrk,,,,,anonymous,ZH-S,FL_EOS_ID,,I agree,Yes,Yes,Daily,Yes,,,Please confirm you have read the post before continuing.,,Somewhat disagree,Neither agree nor disagree,Neither agree nor disagree,Neither agree nor disagree,Somewhat disagree,Somewhat disagree,Somewhat disagree,Somewhat disagree,Strongly agree,Strongly agree,Strongly agree,Strongly agree,Strongly agree,Strongly agree,Strongly agree,Neither agree nor disagree,Neither agree nor disagree,Neither agree nor disagree,25-34,Man,Yes,Somewhat familiar,LH
09/09/2026 05:27,09/09/2026 05:30,IP Address,100,176,TRUE,09/09/2026 05:30,R_9NnA6lIuMewkybf,,,,,qr,ZH-S,FL_EOS_ID,,I agree,Yes,Yes,Daily,Yes,Please confirm you have read the post before continuing.,,,,Strongly agree,Strongly agree,Strongly agree,Strongly agree,Strongly agree,Strongly agree,Strongly agree,Strongly agree,Strongly agree,Strongly agree,Strongly agree,Strongly agree,Strongly agree,Strongly agree,Strongly agree,Strongly agree,Strongly agree,Strongly agree,45 or above,Man,Yes,Extremely familiar,HH
09/09/2026 05:14,09/09/2026 05:30,IP Address,100,967,TRUE,09/09/2026 05:30,R_9LvsMIvFDrs4bpU,,,,,qr,ZH-S,FL_EOS_ID,,I agree,Yes,Yes,Daily,Yes,Please confirm you have read the post before continuing.,,,,Agree,Agree,Agree,Agree,Agree,Agree,Agree,Agree,Strongly agree,Strongly agree,Strongly agree,Strongly agree,Strongly agree,Strongly agree,Strongly agree,Strongly agree,Strongly agree,Strongly agree,45 or above,Woman,Yes,Extremely familiar,HH
09/09/2026 05:22,09/09/2026 05:30,IP Address,100,504,TRUE,09/09/2026 05:30,R_2axJhQidTj3HbLU,,,,,qr,ZH-S,FL_EOS_ID,,I agree,Yes,Yes,I don't use social media,No,,,,Please confirm you have read the post before continuing.,Neither agree nor disagree,Neither agree nor disagree,Neither agree nor disagree,Neither agree nor disagree,Agree,Agree,Agree,Agree,Agree,Agree,Agree,Agree,Agree,Agree,Agree,Agree,Agree,Agree,45 or above,Man,Yes,Quite familiar,LL
09/09/2026 05:26,09/09/2026 05:31,IP Address,100,256,TRUE,09/09/2026 05:31,R_9il9uMSnJb0H16x,,,,,qr,ZH-S,FL_EOS_ID,,I agree,Yes,Yes,Daily,Yes,,Please confirm you have read the post before continuing.,,,Strongly agree,Strongly agree,Strongly agree,Strongly agree,Strongly agree,Strongly agree,Strongly agree,Strongly agree,Agree,Strongly agree,Agree,Strongly agree,Strongly agree,Strongly agree,Agree,Strongly agree,Strongly agree,Agree,45 or above,Woman,Yes,Very familiar,HL
09/09/2026 05:30,09/09/2026 05:33,IP Address,100,150,TRUE,09/09/2026 05:33,R_47jml3D3ERNSleP,,,,,anonymous,ZH-S,FL_EOS_ID,,I agree,Yes,Yes,Daily,Yes,Please confirm you have read the post before continuing.,,,,Somewhat disagree,Neither agree nor disagree,Neither agree nor disagree,Somewhat disagree,Somewhat disagree,Somewhat disagree,Somewhat agree,Somewhat disagree,Strongly agree,Strongly agree,Strongly agree,Strongly agree,Strongly agree,Agree,Agree,Neither agree nor disagree,Neither agree nor disagree,Neither agree nor disagree,25-34,Woman,Yes,Quite familiar,HH
09/09/2026 05:30,09/09/2026 05:33,IP Address,100,179,TRUE,09/09/2026 05:33,R_1Gd3wFgVttKXSVj,,,,,qr,ZH-S,FL_EOS_ID,,I agree,Yes,Yes,Daily,Yes,,,Please confirm you have read the post before continuing.,,Somewhat agree,Somewhat agree,Somewhat agree,Somewhat agree,Somewhat agree,Somewhat agree,Somewhat agree,Somewhat agree,Somewhat agree,Somewhat agree,Somewhat agree,Somewhat agree,Somewhat agree,Somewhat agree,Somewhat agree,Neither agree nor disagree,Somewhat agree,Somewhat agree,25-34,Man,No,Not familiar at all,LH
09/09/2026 05:30,09/09/2026 05:34,IP Address,100,215,TRUE,09/09/2026 05:34,R_4P1iZx1GG5AmGY7,,,,,qr,ZH-S,FL_EOS_ID,,I agree,Yes,Yes,Daily,Yes,,,,Please confirm you have read the post before continuing.,Strongly agree,Strongly agree,Strongly agree,Strongly agree,Strongly agree,Strongly agree,Strongly agree,Strongly agree,Strongly agree,Strongly agree,Strongly agree,Strongly agree,Strongly agree,Strongly agree,Strongly agree,Strongly agree,Strongly agree,Strongly agree,45 or above,Man,Yes,Extremely familiar,LL
09/09/2026 05:33,09/09/2026 05:38,IP Address,100,257,TRUE,09/09/2026 05:38,R_1EdNS9os4xYTJRL,,,,,qr,ZH-S,FL_EOS_ID,,I agree,Yes,Yes,Daily,Yes,Please confirm you have read the post before continuing.,,,,Disagree,Neither agree nor disagree,Disagree,Disagree,Disagree,Disagree,Disagree,Disagree,Somewhat agree,Agree,Disagree,Agree,Disagree,Disagree,Disagree,Disagree,Disagree,Disagree,35-44,Woman,No,Slightly familiar,HH
09/09/2026 05:37,09/09/2026 05:39,IP Address,100,116,TRUE,09/09/2026 05:39,R_4BJ3CJce8S365SV,,,,,qr,ZH-S,FL_EOS_ID,,I agree,Yes,Yes,Daily,No,Please confirm you have read the post before continuing.,,,,Neither agree nor disagree,Neither agree nor disagree,Neither agree nor disagree,Neither agree nor disagree,Neither agree nor disagree,Neither agree nor disagree,Neither agree nor disagree,Neither agree nor disagree,Neither agree nor disagree,Neither agree nor disagree,Neither agree nor disagree,Neither agree nor disagree,Neither agree nor disagree,Neither agree nor disagree,Neither agree nor disagree,Neither agree nor disagree,Neither agree nor disagree,Neither agree nor disagree,35-44,Man,No,Not familiar at all,HH
09/09/2026 05:37,09/09/2026 05:39,IP Address,100,142,TRUE,09/09/2026 05:39,R_4hhcukVW47qusnn,,,,,qr,ZH-S,FL_EOS_ID,,I agree,Yes,Yes,Daily,Yes,,,,Please confirm you have read the post before continuing.,Neither agree nor disagree,Neither agree nor disagree,Somewhat agree,Somewhat agree,Neither agree nor disagree,Neither agree nor disagree,Neither agree nor disagree,Neither agree nor disagree,Agree,Agree,Somewhat agree,Somewhat agree,Strongly agree,Somewhat agree,Somewhat agree,Neither agree nor disagree,Somewhat disagree,Somewhat disagree,25-34,Woman,No,Slightly familiar,LL
09/09/2026 05:33,09/09/2026 05:39,IP Address,100,370,TRUE,09/09/2026 05:39,R_4eylF16203lxsvV,,,,,anonymous,ZH-S,FL_EOS_ID,,I agree,Yes,Yes,Daily,Yes,,Please confirm you have read the post before continuing.,,,Neither agree nor disagree,Neither agree nor disagree,Strongly disagree,Disagree,Disagree,Disagree,Disagree,Disagree,Strongly agree,Strongly agree,Strongly agree,Strongly agree,Strongly agree,Strongly agree,Strongly agree,Somewhat disagree,Neither agree nor disagree,Neither agree nor disagree,35-44,Man,Yes,Not familiar at all,HL
09/09/2026 05:30,09/09/2026 05:39,IP Address,100,541,TRUE,09/09/2026 05:39,R_9NNIpAZd6f1tBAd,,,,,qr,ZH-S,FL_EOS_ID,,I agree,Yes,Yes,I don't use social media,No,,Please confirm you have read the post before continuing.,,,Agree,Somewhat agree,Agree,Neither agree nor disagree,Neither agree nor disagree,Somewhat disagree,Neither agree nor disagree,Somewhat agree,Neither agree nor disagree,Neither agree nor disagree,Somewhat agree,Agree,Strongly agree,Strongly agree,Agree,Neither agree nor disagree,Strongly agree,Strongly agree,45 or above,Woman,No,Not familiar at all,HL
09/09/2026 05:38,09/09/2026 05:41,IP Address,100,152,TRUE,09/09/2026 05:41,R_6DoHE1MGoXJgmYG,,,,,qr,ZH-S,FL_EOS_ID,,I agree,Yes,Yes,Daily,Yes,,,Please confirm you have read the post before continuing.,,Strongly disagree,Strongly disagree,Strongly disagree,Strongly disagree,Strongly disagree,Strongly disagree,Agree,Agree,Agree,Agree,Agree,Agree,Agree,Agree,Agree,Agree,Agree,Agree,Prefer not to say,Prefer not to say,Not sure / Cannot remember,Somewhat familiar,LH
09/09/2026 05:39,09/09/2026 05:41,IP Address,100,104,TRUE,09/09/2026 05:41,R_8pnHHfnkDjqbYr1,,,,,qr,ZH-S,FL_EOS_ID,,I agree,Yes,Yes,Daily,Yes,Please confirm you have read the post before continuing.,,,,Neither agree nor disagree,Neither agree nor disagree,Neither agree nor disagree,Neither agree nor disagree,Neither agree nor disagree,Neither agree nor disagree,Neither agree nor disagree,Neither agree nor disagree,Neither agree nor disagree,Neither agree nor disagree,Neither agree nor disagree,Neither agree nor disagree,Strongly agree,Neither agree nor disagree,Neither agree nor disagree,Neither agree nor disagree,Neither agree nor disagree,Neither agree nor disagree,35-44,Man,No,Not familiar at all,HH
09/09/2026 05:38,09/09/2026 05:41,IP Address,100,188,TRUE,09/09/2026 05:41,R_9Bxp3j2dC39OUO5,,,,,qr,ZH-S,FL_EOS_ID,,I agree,Yes,Yes,Daily,Yes,,Please confirm you have read the post before continuing.,,,Somewhat disagree,Disagree,Somewhat disagree,Neither agree nor disagree,Somewhat disagree,Somewhat disagree,Somewhat disagree,Neither agree nor disagree,Neither agree nor disagree,Neither agree nor disagree,Neither agree nor disagree,Neither agree nor disagree,Strongly agree,Neither agree nor disagree,Neither agree nor disagree,Neither agree nor disagree,Neither agree nor disagree,Neither agree nor disagree,25-34,Man,No,Slightly familiar,HL
09/09/2026 05:40,09/09/2026 05:42,IP Address,100,112,TRUE,09/09/2026 05:42,R_4MrEYj58uK6L1Z4,,,,,qr,ZH-S,FL_EOS_ID,,I agree,Yes,Yes,Daily,No,,Please confirm you have read the post before continuing.,,,Strongly agree,Strongly agree,Strongly agree,Strongly agree,Strongly agree,Strongly agree,Strongly agree,Strongly agree,Strongly agree,Strongly agree,Strongly agree,Strongly agree,Strongly agree,Strongly agree,Strongly agree,Strongly agree,Strongly agree,Strongly agree,35-44,Woman,Not sure / Cannot remember,Quite familiar,HL
09/09/2026 05:41,09/09/2026 05:43,IP Address,100,133,TRUE,09/09/2026 05:43,R_2gcqqjgDdCyh8iw,,,,,anonymous,ZH-S,FL_EOS_ID,,I agree,Yes,Yes,Daily,Yes,,,Please confirm you have read the post before continuing.,,Agree,Agree,Agree,Agree,Agree,Agree,Agree,Agree,Agree,Agree,Agree,Agree,Strongly agree,Agree,Agree,Agree,Agree,Agree,25-34,Woman,Yes,Slightly familiar,LH
09/09/2026 05:43,09/09/2026 05:45,IP Address,100,113,TRUE,09/09/2026 05:45,R_32zNEbT5FbkQxFL,,,,,anonymous,ZH-S,FL_EOS_ID,,I agree,Yes,Yes,Daily,Yes,Please confirm you have read the post before continuing.,,,,Strongly agree,Strongly agree,Strongly agree,Strongly agree,Strongly agree,Somewhat agree,Strongly agree,Strongly agree,Strongly agree,Strongly agree,Strongly agree,Strongly agree,Strongly agree,Agree,Agree,Agree,Agree,Agree,25-34,Woman,Yes,Very familiar,HH
09/09/2026 05:43,09/09/2026 05:45,IP Address,100,126,TRUE,09/09/2026 05:45,R_61XTRnyE3iaR5vd,,,,,qr,ZH-S,FL_EOS_ID,,I agree,Yes,Yes,Daily,Yes,,,Please confirm you have read the post before continuing.,,Somewhat agree,Agree,Somewhat agree,Somewhat agree,Somewhat agree,Agree,Agree,Agree,Somewhat agree,Somewhat agree,Somewhat agree,Neither agree nor disagree,Strongly agree,Somewhat agree,Neither agree nor disagree,Somewhat agree,Strongly agree,Strongly agree,45 or above,Man,Yes,Extremely familiar,LH
09/09/2026 05:43,09/09/2026 05:45,IP Address,100,136,TRUE,09/09/2026 05:45,R_9LwcfSSardCFBg4,,,,,qr,ZH-S,FL_EOS_ID,,I agree,Yes,Yes,Daily,Yes,,Please confirm you have read the post before continuing.,,,Neither agree nor disagree,Neither agree nor disagree,Neither agree nor disagree,Neither agree nor disagree,Neither agree nor disagree,Neither agree nor disagree,Neither agree nor disagree,Neither agree nor disagree,Neither agree nor disagree,Neither agree nor disagree,Neither agree nor disagree,Neither agree nor disagree,Strongly disagree,Neither agree nor disagree,Neither agree nor disagree,Neither agree nor disagree,Neither agree nor disagree,Neither agree nor disagree,45 or above,Man,Yes,Somewhat familiar,HL
09/09/2026 05:46,09/09/2026 05:48,IP Address,100,111,TRUE,09/09/2026 05:48,R_4nrcAwQWi4kN8Ix,,,,,anonymous,ZH-S,FL_EOS_ID,,I agree,Yes,Yes,Daily,Yes,,,Please confirm you have read the post before continuing.,,Strongly disagree,Strongly disagree,Agree,Strongly disagree,Strongly disagree,Strongly disagree,Strongly disagree,Strongly disagree,Strongly agree,Strongly agree,Strongly agree,Strongly agree,Strongly agree,Strongly agree,Strongly agree,Somewhat disagree,Disagree,Disagree,25-34,Woman,Yes,Slightly familiar,LH
09/09/2026 05:46,09/09/2026 05:48,IP Address,100,104,TRUE,09/09/2026 05:48,R_5w1cDJH5TGyPlND,,,,,qr,ZH-S,FL_EOS_ID,,I agree,Yes,Yes,Daily,Yes,Please confirm you have read the post before continuing.,,,,Strongly disagree,Strongly agree,Strongly agree,Strongly agree,Strongly agree,Strongly agree,Strongly agree,Strongly agree,Strongly agree,Strongly agree,Strongly agree,Strongly agree,Strongly agree,Strongly agree,Strongly agree,Strongly agree,Strongly agree,Strongly agree,45 or above,Man,Yes,Extremely familiar,HH
09/09/2026 05:41,09/09/2026 05:48,IP Address,100,425,TRUE,09/09/2026 05:48,R_7qIIke6A5MuSZVa,,,,,qr,ZH-S,FL_EOS_ID,,I agree,Yes,Yes,Daily,Yes,,,,Please confirm you have read the post before continuing.,Disagree,Neither agree nor disagree,Somewhat agree,Neither agree nor disagree,Neither agree nor disagree,Somewhat agree,Somewhat disagree,Somewhat disagree,Strongly agree,Agree,Agree,Somewhat agree,Strongly agree,Disagree,Agree,Somewhat disagree,Disagree,Disagree,Prefer not to say,Woman,No,Somewhat familiar,LL
09/09/2026 05:43,09/09/2026 05:49,IP Address,100,328,TRUE,09/09/2026 05:49,R_9sbOe1pBUyfxAeM,,,,,qr,ZH-S,FL_EOS_ID,,I agree,Yes,Yes,Daily,Yes,,Please confirm you have read the post before continuing.,,,Agree,Agree,Agree,Agree,Agree,Agree,Agree,Agree,Agree,Agree,Agree,Agree,Strongly agree,Neither agree nor disagree,Neither agree nor disagree,Neither agree nor disagree,Neither agree nor disagree,Neither agree nor disagree,45 or above,Woman,Not sure / Cannot remember,Moderately familiar,HL
09/09/2026 05:46,09/09/2026 05:49,IP Address,100,153,TRUE,09/09/2026 05:49,R_2tuONXCPQ2W0xWN,,,,,anonymous,ZH-S,FL_EOS_ID,,I agree,Yes,Yes,Daily,Yes,Please confirm you have read the post before continuing.,,,,Strongly disagree,Strongly disagree,Somewhat disagree,Disagree,Neither agree nor disagree,Neither agree nor disagree,Somewhat agree,Neither agree nor disagree,Strongly agree,Strongly agree,Neither agree nor disagree,Strongly agree,Strongly agree,Strongly agree,Strongly agree,Disagree,Neither agree nor disagree,Neither agree nor disagree,25-34,Woman,Not sure / Cannot remember,Moderately familiar,HH
09/09/2026 05:47,09/09/2026 05:49,IP Address,100,126,TRUE,09/09/2026 05:49,R_4cgq8VhrI2R3Iel,,,,,qr,ZH-S,FL_EOS_ID,,I agree,Yes,Yes,Daily,Yes,,,Please confirm you have read the post before continuing.,,Strongly disagree,Strongly agree,Strongly agree,Strongly agree,Strongly agree,Strongly agree,Strongly agree,Strongly agree,Strongly agree,Strongly agree,Strongly agree,Strongly agree,Strongly agree,Strongly agree,Strongly agree,Strongly agree,Strongly agree,Strongly agree,18-24,Woman,Yes,Extremely familiar,LH
09/09/2026 05:49,09/09/2026 05:50,IP Address,100,90,TRUE,09/09/2026 05:50,R_3jJMiuqYaJRLIOt,,,,,qr,ZH-S,FL_EOS_ID,,I agree,Yes,Yes,Daily,Yes,Please confirm you have read the post before continuing.,,,,Disagree,Disagree,Disagree,Disagree,Somewhat disagree,Somewhat disagree,Somewhat disagree,Somewhat disagree,Somewhat agree,Somewhat agree,Somewhat agree,Somewhat agree,Strongly agree,Somewhat agree,Somewhat agree,Somewhat agree,Somewhat agree,Somewhat agree,18-24,Woman,Yes,Somewhat familiar,HH
09/09/2026 05:47,09/09/2026 05:50,IP Address,100,218,TRUE,09/09/2026 05:50,R_4ZCxiReGsLJSJnr,,,,,qr,ZH-S,FL_EOS_ID,,I agree,Yes,Yes,Daily,Yes,,,,Please confirm you have read the post before continuing.,Agree,Neither agree nor disagree,Somewhat agree,Somewhat agree,Neither agree nor disagree,Disagree,Somewhat disagree,Neither agree nor disagree,Agree,Agree,Agree,Somewhat agree,Strongly agree,Neither agree nor disagree,Agree,Agree,Somewhat agree,Somewhat agree,45 or above,Man,No,Somewhat familiar,LL
09/09/2026 05:49,09/09/2026 05:51,IP Address,100,173,TRUE,09/09/2026 05:51,R_4hZqHo2XHSzrGC4,,,,,qr,ZH-S,FL_EOS_ID,,I agree,Yes,Yes,Daily,Yes,,,,Please confirm you have read the post before continuing.,Disagree,Disagree,Disagree,Disagree,Agree,Strongly agree,Agree,Agree,Somewhat disagree,Agree,Strongly agree,Somewhat disagree,Strongly agree,Strongly disagree,Strongly disagree,Strongly disagree,Strongly disagree,Strongly disagree,25-34,Woman,Yes,Slightly familiar,LL
09/09/2026 05:42,09/09/2026 05:53,IP Address,100,707,TRUE,09/09/2026 05:53,R_3GvOW06tKZ9nz1h,,,,,qr,ZH-S,FL_EOS_ID,,I agree,Yes,Yes,Daily,Yes,,Please confirm you have read the post before continuing.,,,Somewhat agree,Somewhat agree,Disagree,Somewhat agree,Disagree,Disagree,Disagree,Disagree,Agree,Agree,Agree,Agree,Strongly agree,Agree,Agree,Somewhat disagree,Disagree,Disagree,25-34,Woman,Not sure / Cannot remember,Not familiar at all,HL
09/09/2026 05:14,09/09/2026 05:54,IP Address,100,2391,TRUE,09/09/2026 05:54,R_4oGf2ME2SQxFpW4,,,,,qr,ZH-S,FL_EOS_ID,,I agree,Yes,Yes,Daily,Yes,Please confirm you have read the post before continuing.,,,,Neither agree nor disagree,Neither agree nor disagree,Somewhat agree,Neither agree nor disagree,Neither agree nor disagree,Neither agree nor disagree,Strongly agree,Strongly agree,Somewhat agree,Agree,Agree,Agree,Neither agree nor disagree,Somewhat agree,Agree,Neither agree nor disagree,Somewhat agree,Neither agree nor disagree,25-34,Woman,No,Moderately familiar,HH
09/09/2026 05:51,09/09/2026 05:55,IP Address,100,253,TRUE,09/09/2026 05:55,R_4GcFrUilBcGhHaN,,,,,anonymous,ZH-S,FL_EOS_ID,,I agree,Yes,Yes,Daily,Yes,,Please confirm you have read the post before continuing.,,,Strongly disagree,Disagree,Disagree,Disagree,Disagree,Somewhat disagree,Disagree,Disagree,Strongly agree,Strongly agree,Agree,Strongly agree,Strongly agree,Somewhat agree,Somewhat agree,Somewhat disagree,Disagree,Disagree,25-34,Woman,Yes,Moderately familiar,HL
09/09/2026 05:54,09/09/2026 05:56,IP Address,100,113,TRUE,09/09/2026 05:56,R_46gRqPnkrVFQZY7,,,,,anonymous,ZH-S,FL_EOS_ID,,I agree,Yes,Yes,Daily,Yes,,,,Please confirm you have read the post before continuing.,Somewhat agree,Somewhat agree,Somewhat disagree,Somewhat disagree,Strongly disagree,Strongly disagree,Strongly disagree,Strongly disagree,Agree,Agree,Strongly agree,Agree,Strongly agree,Agree,Agree,Somewhat agree,Somewhat agree,Somewhat agree,18-24,Man,Yes,Somewhat familiar,LL
09/09/2026 05:54,09/09/2026 05:57,IP Address,100,190,TRUE,09/09/2026 05:57,R_4lmbovSEEYInakp,,,,,qr,ZH-S,FL_EOS_ID,,I agree,Yes,Yes,Daily,Yes,,,Please confirm you have read the post before continuing.,,Neither agree nor disagree,Neither agree nor disagree,Somewhat agree,Neither agree nor disagree,Neither agree nor disagree,Neither agree nor disagree,Neither agree nor disagree,Neither agree nor disagree,Somewhat agree,Agree,Neither agree nor disagree,Neither agree nor disagree,Strongly agree,Neither agree nor disagree,Neither agree nor disagree,Neither agree nor disagree,Neither agree nor disagree,Neither agree nor disagree,18-24,Prefer not to say,No,Very familiar,LH
09/09/2026 05:57,09/09/2026 05:57,IP Address,100,11,TRUE,09/09/2026 05:57,R_2nl62qyd3BmAyl0,,,,,qr,ZH-S,FL_EOS_ID,,I agree,No,Yes,,,,,,,,,,,,,,,,,,,,,,,,,,,,,
09/09/2026 05:57,09/09/2026 06:00,IP Address,100,194,TRUE,09/09/2026 06:00,R_1AL4TqgbrWWGH06,,,,,anonymous,ZH-S,FL_EOS_ID,,I agree,Yes,Yes,Daily,Yes,,,,Please confirm you have read the post before continuing.,Neither agree nor disagree,Somewhat disagree,Neither agree nor disagree,Neither agree nor disagree,Somewhat agree,Somewhat disagree,Somewhat disagree,Neither agree nor disagree,Somewhat agree,Agree,Somewhat agree,Agree,Somewhat agree,Somewhat agree,Somewhat agree,Somewhat agree,Somewhat agree,Somewhat agree,25-34,Man,No,Not familiar at all,LL
09/09/2026 05:56,09/09/2026 06:00,IP Address,100,281,TRUE,09/09/2026 06:00,R_7EC52lHd4hgtUdz,,,,,qr,ZH-S,FL_EOS_ID,,I agree,Yes,Yes,Daily,Yes,,Please confirm you have read the post before continuing.,,,Neither agree nor disagree,Neither agree nor disagree,Neither agree nor disagree,Neither agree nor disagree,Neither agree nor disagree,Neither agree nor disagree,Neither agree nor disagree,Neither agree nor disagree,Neither agree nor disagree,Neither agree nor disagree,Neither agree nor disagree,Neither agree nor disagree,Strongly agree,Neither agree nor disagree,Neither agree nor disagree,Neither agree nor disagree,Neither agree nor disagree,Neither agree nor disagree,35-44,Woman,No,Moderately familiar,HL
09/09/2026 05:59,09/09/2026 06:01,IP Address,100,113,TRUE,09/09/2026 06:01,R_7LZlVuSvz3xRstQ,,,,,anonymous,ZH-S,FL_EOS_ID,,I agree,Yes,Yes,Daily,Yes,Please confirm you have read the post before continuing.,,,,Agree,Agree,Agree,Agree,Agree,Strongly agree,Agree,Strongly agree,Strongly agree,Strongly agree,Strongly agree,Strongly agree,Strongly agree,Somewhat agree,Agree,Agree,Strongly agree,Strongly agree,18-24,Man,Yes,Quite familiar,HH
09/09/2026 06:02,09/09/2026 06:03,IP Address,100,100,TRUE,09/09/2026 06:03,R_1EZioX20P870g0N,,,,,anonymous,ZH-S,FL_EOS_ID,,I agree,Yes,Yes,Daily,Yes,,,Please confirm you have read the post before continuing.,,Strongly agree,Somewhat agree,Agree,Strongly agree,Agree,Agree,Strongly agree,Strongly agree,Agree,Agree,Strongly agree,Strongly agree,Strongly agree,Agree,Strongly agree,Strongly agree,Agree,Agree,25-34,Woman,Yes,Very familiar,LH
09/09/2026 05:44,09/09/2026 06:04,IP Address,100,1189,TRUE,09/09/2026 06:04,R_4Xj4rvtwNiVVcDk,,,,,anonymous,ZH-S,FL_EOS_ID,,I agree,Yes,Yes,Daily,Yes,,,Please confirm you have read the post before continuing.,,Strongly disagree,Disagree,Somewhat disagree,Disagree,Strongly disagree,Disagree,Neither agree nor disagree,Somewhat disagree,Strongly agree,Strongly agree,Strongly agree,Strongly agree,Strongly agree,Somewhat disagree,Neither agree nor disagree,Somewhat disagree,Neither agree nor disagree,Disagree,18-24,Woman,No,Quite familiar,LH
09/09/2026 06:05,09/09/2026 06:09,IP Address,100,206,TRUE,09/09/2026 06:09,R_41dtUYDr3bzTBGI,,,,,anonymous,ZH-S,FL_EOS_ID,,I agree,Yes,Yes,Daily,Yes,,,,Please confirm you have read the post before continuing.,Agree,Strongly agree,Strongly agree,Agree,Strongly agree,Agree,Agree,Agree,Agree,Strongly agree,Strongly agree,Strongly agree,Strongly agree,Strongly agree,Strongly agree,Strongly agree,Strongly agree,Agree,45 or above,Woman,Yes,Very familiar,LL
09/09/2026 06:06,09/09/2026 06:09,IP Address,100,180,TRUE,09/09/2026 06:09,R_90OvnABX1P7yzr3,,,,,anonymous,ZH-S,FL_EOS_ID,,I agree,Yes,Yes,Daily,Yes,,Please confirm you have read the post before continuing.,,,Disagree,Disagree,Disagree,Disagree,Somewhat disagree,Somewhat disagree,Somewhat disagree,Somewhat disagree,Agree,Agree,Agree,Agree,Neither agree nor disagree,Agree,Agree,Neither agree nor disagree,Neither agree nor disagree,Neither agree nor disagree,45 or above,Man,No,Not familiar at all,HL
09/09/2026 06:09,09/09/2026 06:11,IP Address,100,116,TRUE,09/09/2026 06:11,R_168CG2yQPAsGBqn,,,,,anonymous,ZH-S,FL_EOS_ID,,I agree,Yes,Yes,Daily,Yes,,Please confirm you have read the post before continuing.,,,Strongly agree,Strongly agree,Somewhat agree,Somewhat agree,Agree,Strongly agree,Somewhat agree,Somewhat agree,Strongly agree,Strongly agree,Strongly agree,Strongly agree,Strongly agree,Agree,Agree,Agree,Agree,Strongly agree,25-34,Woman,Yes,Extremely familiar,HL
09/09/2026 06:10,09/09/2026 06:11,IP Address,100,110,TRUE,09/09/2026 06:11,R_3b41jVvR6HDxWjK,,,,,anonymous,ZH-S,FL_EOS_ID,,I agree,Yes,Yes,Daily,Yes,,,,Please confirm you have read the post before continuing.,Strongly agree,Agree,Agree,Agree,Strongly agree,Agree,Agree,Agree,Strongly agree,Strongly agree,Agree,Agree,Strongly agree,Strongly agree,Agree,Agree,Agree,Strongly agree,25-34,Woman,Yes,Quite familiar,LL
09/09/2026 06:17,09/09/2026 06:18,IP Address,100,101,TRUE,09/09/2026 06:18,R_43CZSkm1vUoPbhL,,,,,anonymous,ZH-S,FL_EOS_ID,,I agree,Yes,Yes,Daily,Yes,,,Please confirm you have read the post before continuing.,,Strongly agree,Agree,Strongly agree,Strongly agree,Neither agree nor disagree,Somewhat disagree,Somewhat disagree,Somewhat disagree,Somewhat agree,Somewhat agree,Neither agree nor disagree,Disagree,Strongly agree,Somewhat disagree,Somewhat disagree,Somewhat agree,Somewhat agree,Agree,18-24,Man,Yes,Very familiar,LH
09/09/2026 06:19,09/09/2026 06:22,IP Address,100,163,TRUE,09/09/2026 06:22,R_1hfhBi4HQIkSlIA,,,,,anonymous,ZH-S,FL_EOS_ID,,I agree,Yes,Yes,Daily,Yes,,,Please confirm you have read the post before continuing.,,Agree,Agree,Agree,Agree,Strongly agree,Strongly agree,Strongly agree,Somewhat agree,Agree,Agree,Agree,Agree,Strongly agree,Agree,Agree,Strongly agree,Strongly agree,Somewhat agree,25-34,Woman,Yes,Extremely familiar,LH
09/09/2026 06:18,09/09/2026 06:22,IP Address,100,235,TRUE,09/09/2026 06:22,R_3wBjzkbXiO6XYgI,,,,,qr,ZH-S,FL_EOS_ID,,I agree,Yes,Yes,Daily,Yes,,Please confirm you have read the post before continuing.,,,Neither agree nor disagree,Neither agree nor disagree,Disagree,Neither agree nor disagree,Disagree,Neither agree nor disagree,Neither agree nor disagree,Neither agree nor disagree,Agree,Agree,Agree,Agree,Strongly agree,Agree,Agree,Neither agree nor disagree,Disagree,Somewhat disagree,35-44,Woman,No,Moderately familiar,HL
09/09/2026 05:39,09/09/2026 06:23,IP Address,100,2640,TRUE,09/09/2026 06:23,R_4EEGC0obZFGJjUJ,,,,,qr,ZH-S,FL_EOS_ID,,I agree,Yes,Yes,Daily,Yes,,,,Please confirm you have read the post before continuing.,Agree,Somewhat agree,Agree,Agree,Agree,Agree,Agree,Agree,Agree,Agree,Agree,Agree,Strongly agree,Agree,Agree,Strongly agree,Agree,Agree,45 or above,Woman,No,Very familiar,LL
09/09/2026 05:53,09/09/2026 06:26,IP Address,100,1988,TRUE,09/09/2026 06:26,R_4s0CC77zPAqnEIq,,,,,anonymous,ZH-S,FL_EOS_ID,,I agree,Yes,Yes,Daily,Yes,Please confirm you have read the post before continuing.,,,,Disagree,Somewhat disagree,Neither agree nor disagree,Disagree,Neither agree nor disagree,Somewhat disagree,Somewhat disagree,Somewhat disagree,Somewhat agree,Somewhat agree,Somewhat agree,Neither agree nor disagree,Strongly agree,Somewhat agree,Somewhat agree,Disagree,Somewhat agree,Somewhat disagree,18-24,Woman,Yes,Somewhat familiar,HH
09/09/2026 06:30,09/09/2026 06:32,IP Address,100,125,TRUE,09/09/2026 06:32,R_1viXmEEGh0w6CrP,,,,,anonymous,ZH-S,FL_EOS_ID,,I agree,Yes,Yes,Daily,Yes,,,Please confirm you have read the post before continuing.,,Disagree,Somewhat disagree,Somewhat disagree,Strongly disagree,Strongly disagree,Strongly disagree,Strongly disagree,Strongly disagree,Somewhat agree,Somewhat agree,Neither agree nor disagree,Somewhat agree,Strongly agree,Somewhat agree,Neither agree nor disagree,Somewhat disagree,Somewhat disagree,Somewhat disagree,25-34,Woman,Yes,Slightly familiar,LH
09/09/2026 06:32,09/09/2026 06:34,IP Address,100,103,TRUE,09/09/2026 06:34,R_9CK4jo8DQmO2SnH,,,,,anonymous,ZH-S,FL_EOS_ID,,I agree,Yes,Yes,Daily,Yes,,Please confirm you have read the post before continuing.,,,Neither agree nor disagree,Neither agree nor disagree,Neither agree nor disagree,Neither agree nor disagree,Neither agree nor disagree,Neither agree nor disagree,Neither agree nor disagree,Neither agree nor disagree,Neither agree nor disagree,Neither agree nor disagree,Neither agree nor disagree,Neither agree nor disagree,Strongly agree,Neither agree nor disagree,Neither agree nor disagree,Neither agree nor disagree,Neither agree nor disagree,Neither agree nor disagree,Prefer not to say,Woman,Not sure / Cannot remember,Moderately familiar,HL
09/09/2026 06:36,09/09/2026 06:38,IP Address,100,125,TRUE,09/09/2026 06:38,R_4vPiyv86h9qaxMd,,,,,anonymous,ZH-S,FL_EOS_ID,,I agree,Yes,Yes,Daily,Yes,Please confirm you have read the post before continuing.,,,,Somewhat agree,Somewhat agree,Neither agree nor disagree,Somewhat agree,Disagree,Agree,Disagree,Disagree,Agree,Agree,Agree,Agree,Strongly agree,Neither agree nor disagree,Somewhat agree,Agree,Agree,Agree,18-24,Man,Yes,Slightly familiar,HH
09/09/2026 05:42,09/09/2026 06:43,IP Address,100,3657,TRUE,09/09/2026 06:43,R_9mRHk8BvXvH0CWc,,,,,anonymous,ZH-S,FL_EOS_ID,,I agree,Yes,Yes,Daily,Yes,,,,Please confirm you have read the post before continuing.,Agree,Agree,Agree,Agree,Agree,Agree,Agree,Agree,Agree,Agree,Agree,Agree,Strongly agree,Agree,Agree,Agree,Agree,Agree,Prefer not to say,Woman,Not sure / Cannot remember,Moderately familiar,LL
09/09/2026 06:39,09/09/2026 06:45,IP Address,100,395,TRUE,09/09/2026 06:45,R_9pak1st6F7mg5E6,,,,,qr,ZH-S,FL_EOS_ID,,I agree,Yes,Yes,I don't use social media,Yes,,,Please confirm you have read the post before continuing.,,Agree,Agree,Agree,Agree,Agree,Agree,Agree,Agree,Agree,Agree,Agree,Agree,Agree,Agree,Agree,Agree,Agree,Agree,45 or above,Man,No,Not familiar at all,LH
09/09/2026 06:43,09/09/2026 06:46,IP Address,100,184,TRUE,09/09/2026 06:46,R_8ExJKWGZJh7u0VR,,,,,anonymous,ZH-S,FL_EOS_ID,,I agree,Yes,Yes,Daily,Yes,,,Please confirm you have read the post before continuing.,,Somewhat agree,Somewhat agree,Somewhat agree,Somewhat agree,Disagree,Disagree,Disagree,Disagree,Strongly agree,Strongly agree,Strongly agree,Strongly agree,Strongly agree,Strongly agree,Strongly agree,Somewhat agree,Somewhat agree,Somewhat agree,35-44,Man,Yes,Not familiar at all,LH
09/09/2026 05:48,09/09/2026 06:48,IP Address,100,3620,TRUE,09/09/2026 06:48,R_45YhmtQBZx1debH,,,,,qr,ZH-S,FL_EOS_ID,,I agree,Yes,Yes,Less often,No,,Please confirm you have read the post before continuing.,,,Strongly agree,Strongly agree,Strongly agree,Strongly agree,Strongly agree,Strongly agree,Strongly agree,Strongly agree,Strongly agree,Strongly agree,Strongly agree,Strongly agree,Strongly agree,Neither agree nor disagree,Somewhat agree,Strongly agree,Strongly agree,Strongly agree,45 or above,Woman,Not sure / Cannot remember,Moderately familiar,HL
09/09/2026 06:47,09/09/2026 06:51,IP Address,100,266,TRUE,09/09/2026 06:51,R_4AlxWTt4qzmROx3,,,,,anonymous,ZH-S,FL_EOS_ID,,I agree,Yes,Yes,Daily,Yes,Please confirm you have read the post before continuing.,,,,Somewhat agree,Agree,Somewhat agree,Agree,Somewhat agree,Somewhat agree,Agree,Somewhat agree,Agree,Strongly agree,Somewhat agree,Somewhat agree,Strongly agree,Somewhat agree,Agree,Somewhat agree,Somewhat agree,Somewhat agree,45 or above,Woman,Yes,Somewhat familiar,HH
09/09/2026 06:48,09/09/2026 06:56,IP Address,100,453,TRUE,09/09/2026 06:56,R_9uFK9FlU4ACY8PD,,,,,qr,ZH-S,FL_EOS_ID,,I agree,Yes,Yes,Daily,Yes,,Please confirm you have read the post before continuing.,,,Somewhat disagree,Somewhat agree,Somewhat agree,Somewhat agree,Somewhat agree,Somewhat disagree,Somewhat agree,Somewhat agree,Somewhat agree,Somewhat agree,Somewhat agree,Somewhat agree,Somewhat agree,Somewhat agree,Somewhat agree,Somewhat agree,Somewhat agree,Somewhat agree,45 or above,Man,Yes,Quite familiar,HL
09/09/2026 06:57,09/09/2026 06:58,IP Address,100,15,TRUE,09/09/2026 06:58,R_9Pb6NbOAbfQQ4fi,,,,,anonymous,ZH-S,FL_EOS_ID,,I agree,No,Yes,,,,,,,,,,,,,,,,,,,,,,,,,,,,,
09/09/2026 06:42,09/09/2026 06:59,IP Address,100,1002,TRUE,09/09/2026 06:59,R_97lHG90xVjZJygs,,,,,qr,ZH-S,FL_EOS_ID,,I agree,Yes,Yes,Daily,Yes,,,,Please confirm you have read the post before continuing.,Neither agree nor disagree,Neither agree nor disagree,Disagree,Disagree,Neither agree nor disagree,Somewhat disagree,Somewhat disagree,Somewhat disagree,Agree,Strongly agree,Agree,Agree,Strongly agree,Agree,Agree,Neither agree nor disagree,Disagree,Neither agree nor disagree,45 or above,Woman,Yes,Not familiar at all,LL
09/09/2026 06:58,09/09/2026 06:59,IP Address,100,80,TRUE,09/09/2026 06:59,R_2BWeOyzfNOi44Fz,,,,,anonymous,EN,FL_EOS_ID,,I agree,Yes,Yes,Daily,Yes,,Please confirm you have read the post before continuing.,,,Disagree,Somewhat disagree,Disagree,Strongly disagree,Somewhat disagree,Disagree,Somewhat disagree,Strongly disagree,Strongly agree,Strongly agree,Strongly agree,Strongly agree,Strongly agree,Strongly agree,Strongly agree,Disagree,Strongly disagree,Disagree,18-24,Woman,Yes,Somewhat familiar,HL
09/09/2026 06:56,09/09/2026 06:59,IP Address,100,201,TRUE,09/09/2026 06:59,R_9cb1BdKP1S7gPbX,,,,,anonymous,ZH-S,FL_EOS_ID,,I agree,Yes,Yes,Daily,Yes,Please confirm you have read the post before continuing.,,,,Somewhat disagree,Disagree,Somewhat agree,Somewhat agree,Somewhat disagree,Disagree,Somewhat agree,Somewhat agree,Strongly agree,Strongly agree,Somewhat disagree,Strongly agree,Strongly agree,Strongly agree,Neither agree nor disagree,Somewhat agree,Somewhat disagree,Somewhat agree,25-34,Woman,Yes,Quite familiar,HH
09/09/2026 06:54,09/09/2026 07:00,IP Address,100,327,TRUE,09/09/2026 07:00,R_4n8W0StUWgHBZcC,,,,,qr,ZH-S,FL_EOS_ID,,I agree,Yes,Yes,Daily,Yes,,,Please confirm you have read the post before continuing.,,Agree,Agree,Agree,Agree,Somewhat agree,Agree,Agree,Agree,Agree,Agree,Agree,Agree,Strongly agree,Agree,Agree,Agree,Agree,Agree,45 or above,Woman,Not sure / Cannot remember,Quite familiar,LH
09/09/2026 07:01,09/09/2026 07:02,IP Address,100,82,TRUE,09/09/2026 07:02,R_4xGcNNdM8d6yzon,,,,,anonymous,EN,FL_EOS_ID,,I agree,Yes,Yes,Daily,Yes,,,,Please confirm you have read the post before continuing.,Disagree,Strongly disagree,Somewhat disagree,Somewhat disagree,Disagree,Strongly disagree,Somewhat disagree,Disagree,Somewhat disagree,Disagree,Somewhat agree,Strongly disagree,Strongly agree,Strongly disagree,Strongly disagree,Somewhat disagree,Somewhat disagree,Disagree,18-24,Woman,Yes,Quite familiar,LL
09/09/2026 06:57,09/09/2026 07:02,IP Address,100,289,TRUE,09/09/2026 07:02,R_9qaDwYGL33s3i40,,,,,qr,ZH-S,FL_EOS_ID,,I agree,Yes,Yes,Daily,Yes,,,Please confirm you have read the post before continuing.,,Somewhat agree,Somewhat agree,Somewhat agree,Somewhat agree,Somewhat agree,Somewhat agree,Somewhat agree,Somewhat agree,Somewhat agree,Somewhat agree,Somewhat agree,Somewhat agree,Somewhat agree,Somewhat agree,Somewhat agree,Somewhat agree,Somewhat agree,Somewhat agree,45 or above,Man,Yes,Slightly familiar,LH
09/09/2026 06:59,09/09/2026 07:04,IP Address,100,293,TRUE,09/09/2026 07:04,R_83dah0sqM2nP2nH,,,,,qr,ZH-S,FL_EOS_ID,,I agree,Yes,Yes,Daily,Yes,Please confirm you have read the post before continuing.,,,,Disagree,Disagree,Somewhat disagree,Disagree,Somewhat disagree,Somewhat disagree,Somewhat disagree,Somewhat disagree,Somewhat agree,Somewhat agree,Somewhat agree,Somewhat agree,Strongly agree,Somewhat agree,Somewhat agree,Somewhat agree,Somewhat agree,Somewhat agree,45 or above,Man,No,Not familiar at all,HH
09/09/2026 07:05,09/09/2026 07:06,IP Address,100,79,TRUE,09/09/2026 07:06,R_9HkSAxSbeEvdIte,,,,,anonymous,EN,FL_EOS_ID,,I agree,Yes,Yes,Daily,Yes,,Please confirm you have read the post before continuing.,,,Disagree,Strongly disagree,Disagree,Disagree,Somewhat disagree,Disagree,Somewhat disagree,Somewhat disagree,Strongly agree,Strongly agree,Strongly agree,Strongly agree,Strongly agree,Strongly agree,Strongly agree,Somewhat disagree,Disagree,Somewhat disagree,18-24,Woman,Yes,Somewhat familiar,HL
09/09/2026 05:17,09/09/2026 07:32,IP Address,100,8152,TRUE,09/09/2026 07:32,R_5nuXMfo9TPwOV1c,,,,,qr,ZH-S,FL_EOS_ID,,I agree,Yes,Yes,Daily,Yes,,Please confirm you have read the post before continuing.,,,Somewhat agree,Agree,Agree,Agree,Agree,Agree,Agree,Agree,Agree,Agree,Agree,Agree,Agree,Agree,Agree,Agree,Agree,Agree,45 or above,Man,Not sure / Cannot remember,Quite familiar,HL
09/09/2026 07:31,09/09/2026 07:36,IP Address,100,287,TRUE,09/09/2026 07:36,R_48HkwYVIo1VNXAl,,,,,qr,ZH-S,FL_EOS_ID,,I agree,Yes,Yes,Daily,Yes,Please confirm you have read the post before continuing.,,,,Agree,Agree,Somewhat agree,Somewhat agree,Somewhat agree,Somewhat agree,Somewhat agree,Somewhat agree,Neither agree nor disagree,Neither agree nor disagree,Neither agree nor disagree,Neither agree nor disagree,Strongly agree,Neither agree nor disagree,Neither agree nor disagree,Neither agree nor disagree,Neither agree nor disagree,Neither agree nor disagree,Prefer not to say,Prefer not to say,Not sure / Cannot remember,Slightly familiar,HH
09/09/2026 07:45,09/09/2026 07:48,IP Address,100,138,TRUE,09/09/2026 07:48,R_4GksNeOZbXnCQKn,,,,,qr,EN,FL_EOS_ID,,I agree,Yes,Yes,Daily,Yes,,Please confirm you have read the post before continuing.,,,Somewhat disagree,Somewhat disagree,Somewhat disagree,Somewhat disagree,Somewhat disagree,Somewhat disagree,Somewhat disagree,Disagree,Agree,Agree,Agree,Strongly agree,Strongly agree,Strongly agree,Agree,Disagree,Disagree,Disagree,25-34,Woman,Yes,Quite familiar,HL
09/09/2026 07:54,09/09/2026 07:56,IP Address,100,110,TRUE,09/09/2026 07:56,R_9fZTWkGIsWLywTs,,,,,qr,ZH-S,FL_EOS_ID,,I agree,Yes,Yes,Daily,Yes,,,Please confirm you have read the post before continuing.,,Somewhat agree,Somewhat agree,Neither agree nor disagree,Agree,Somewhat agree,Somewhat agree,Somewhat agree,Agree,Strongly agree,Strongly agree,Strongly agree,Strongly agree,Strongly agree,Agree,Agree,Agree,Agree,Agree,25-34,Woman,Yes,Moderately familiar,LH
09/09/2026 08:03,09/09/2026 08:06,IP Address,100,223,TRUE,09/09/2026 08:06,R_2QS67Pzeafc3dQM,,,,,qr,ZH-S,FL_EOS_ID,,I agree,Yes,Yes,Daily,Yes,,,,Please confirm you have read the post before continuing.,Strongly disagree,Strongly disagree,Strongly disagree,Strongly disagree,Strongly disagree,Strongly disagree,Strongly disagree,Strongly disagree,Strongly agree,Strongly agree,Strongly agree,Strongly agree,Strongly agree,Strongly agree,Strongly agree,Strongly agree,Strongly agree,Strongly agree,35-44,Non-binary,Yes,Extremely familiar,LL
09/09/2026 08:20,09/09/2026 08:21,IP Address,100,113,TRUE,09/09/2026 08:21,R_4HXGkN9xoe1iGWT,,,,,qr,ZH-S,FL_EOS_ID,,I agree,Yes,Yes,Daily,Yes,,Please confirm you have read the post before continuing.,,,Neither agree nor disagree,Neither agree nor disagree,Neither agree nor disagree,Neither agree nor disagree,Somewhat disagree,Neither agree nor disagree,Neither agree nor disagree,Neither agree nor disagree,Strongly agree,Strongly agree,Strongly agree,Strongly agree,Strongly agree,Strongly agree,Strongly agree,Somewhat agree,Somewhat disagree,Somewhat disagree,25-34,Man,Yes,Quite familiar,HL
09/09/2026 08:28,09/09/2026 08:36,IP Address,100,458,TRUE,09/09/2026 08:36,R_2HS0Q4pcfP84SHO,,,,,anonymous,EN,FL_EOS_ID,,I agree,Yes,Yes,Daily,Yes,Please confirm you have read the post before continuing.,,,,Strongly agree,Somewhat agree,Somewhat agree,Somewhat disagree,Agree,Somewhat agree,Agree,Agree,Strongly agree,Strongly agree,Strongly agree,Strongly agree,Strongly agree,Strongly agree,Strongly agree,Strongly agree,Somewhat agree,Agree,25-34,Woman,Yes,Very familiar,HH
09/09/2026 08:37,09/09/2026 08:42,IP Address,100,338,TRUE,09/09/2026 08:42,R_52o9KOm1qnTEbsW,,,,,qr,ZH-S,FL_EOS_ID,,I agree,Yes,Yes,Daily,Yes,,Please confirm you have read the post before continuing.,,,Neither agree nor disagree,Neither agree nor disagree,Disagree,Neither agree nor disagree,Disagree,Disagree,Disagree,Disagree,Agree,Agree,Agree,Agree,Strongly agree,Agree,Agree,Disagree,Disagree,Disagree,35-44,Woman,No,Slightly familiar,HL
09/09/2026 07:52,09/09/2026 08:43,IP Address,100,3048,TRUE,09/09/2026 08:43,R_9Vgo1ch8WFJHeTA,,,,,qr,ZH-S,FL_EOS_ID,,I agree,Yes,Yes,Several times a week,Yes,Please confirm you have read the post before continuing.,,,,Strongly agree,Strongly agree,Strongly agree,Strongly agree,Strongly agree,Strongly agree,Strongly agree,Strongly agree,Strongly agree,Strongly agree,Strongly agree,Strongly agree,Strongly agree,Strongly agree,Strongly agree,Strongly agree,Strongly agree,Strongly agree,45 or above,Woman,Not sure / Cannot remember,Moderately familiar,HH
09/09/2026 08:40,09/09/2026 08:45,IP Address,100,299,TRUE,09/09/2026 08:45,R_9lRXS6WbS6Hf2AB,,,,,qr,ZH-S,FL_EOS_ID,,I agree,Yes,Yes,Daily,Yes,,,Please confirm you have read the post before continuing.,,Neither agree nor disagree,Neither agree nor disagree,Neither agree nor disagree,Neither agree nor disagree,Neither agree nor disagree,Neither agree nor disagree,Somewhat agree,Neither agree nor disagree,Agree,Agree,Agree,Somewhat agree,Strongly agree,Neither agree nor disagree,Somewhat agree,Neither agree nor disagree,Neither agree nor disagree,Neither agree nor disagree,18-24,Man,Yes,Moderately familiar,LH
09/09/2026 08:42,09/09/2026 08:46,IP Address,100,214,TRUE,09/09/2026 08:46,R_816NxnuXOw9AMsr,,,,,anonymous,EN,FL_EOS_ID,,I agree,Yes,Yes,Several times a week,Yes,,,,Please confirm you have read the post before continuing.,Somewhat disagree,Somewhat disagree,Somewhat disagree,Somewhat disagree,Somewhat disagree,Disagree,Disagree,Disagree,Agree,Agree,Agree,Somewhat agree,Strongly agree,Strongly disagree,Strongly disagree,Somewhat disagree,Disagree,Disagree,45 or above,Woman,Yes,Extremely familiar,LL
09/09/2026 08:46,09/09/2026 08:47,IP Address,100,85,TRUE,09/09/2026 08:47,R_6gcQITh5cpyAuQN,,,,,anonymous,ZH-S,FL_EOS_ID,,I agree,Yes,Yes,Daily,Yes,,,,Please confirm you have read the post before continuing.,Disagree,Disagree,Neither agree nor disagree,Neither agree nor disagree,Strongly disagree,Strongly disagree,Strongly disagree,Neither agree nor disagree,Strongly agree,Strongly agree,Strongly agree,Strongly agree,Strongly agree,Agree,Strongly agree,Somewhat disagree,Strongly disagree,Neither agree nor disagree,25-34,Woman,Not sure / Cannot remember,Slightly familiar,LL
09/09/2026 09:00,09/09/2026 09:02,IP Address,100,149,TRUE,09/09/2026 09:02,R_97rmHJv8agjaBu4,,,,,anonymous,ZH-S,FL_EOS_ID,,I agree,Yes,Yes,Daily,Yes,Please confirm you have read the post before continuing.,,,,Somewhat agree,Somewhat agree,Somewhat agree,Somewhat agree,Somewhat disagree,Somewhat disagree,Neither agree nor disagree,Neither agree nor disagree,Strongly agree,Strongly agree,Agree,Strongly agree,Strongly agree,Strongly agree,Strongly agree,Somewhat agree,Neither agree nor disagree,Somewhat agree,25-34,Woman,Yes,Extremely familiar,HH
09/09/2026 09:27,09/09/2026 09:30,IP Address,100,130,TRUE,09/09/2026 09:30,R_9yK2sjxbveTlXTr,,,,,anonymous,ZH-S,FL_EOS_ID,,I agree,Yes,Yes,Daily,Yes,,Please confirm you have read the post before continuing.,,,Neither agree nor disagree,Neither agree nor disagree,Somewhat disagree,Somewhat disagree,Disagree,Disagree,Disagree,Disagree,Strongly agree,Strongly agree,Somewhat agree,Strongly agree,Strongly agree,Strongly agree,Strongly agree,Disagree,Disagree,Strongly disagree,25-34,Woman,No,Somewhat familiar,HL
09/09/2026 09:29,09/09/2026 09:37,IP Address,100,439,TRUE,09/09/2026 09:37,R_996X5JrhCB1ICrq,,,,,qr,ZH-S,FL_EOS_ID,,I agree,Yes,Yes,Daily,Yes,,,,Please confirm you have read the post before continuing.,Disagree,Disagree,Disagree,Disagree,Disagree,Disagree,Somewhat agree,Agree,Agree,Agree,Agree,Agree,Strongly agree,Agree,Agree,Somewhat agree,Disagree,Disagree,45 or above,Man,Yes,Moderately familiar,LL
09/09/2026 10:00,09/09/2026 10:01,IP Address,100,72,TRUE,09/09/2026 10:01,R_4R1x9h9tk8VkPyU,,,,,anonymous,EN,FL_EOS_ID,,I agree,Yes,Yes,Daily,Yes,Please confirm you have read the post before continuing.,,,,Strongly agree,Agree,Agree,Strongly agree,Somewhat agree,Agree,Agree,Somewhat agree,Strongly agree,Strongly agree,Strongly agree,Strongly agree,Strongly agree,Strongly agree,Strongly agree,Agree,Agree,Strongly agree,25-34,Woman,Yes,Quite familiar,HH
09/09/2026 13:00,09/09/2026 13:03,IP Address,100,189,TRUE,09/09/2026 13:03,R_2OYVissxPnBzSid,,,,,anonymous,EN,FL_EOS_ID,,I agree,Yes,Yes,Daily,Yes,,,Please confirm you have read the post before continuing.,,Somewhat agree,Neither agree nor disagree,Somewhat agree,Somewhat agree,Disagree,Disagree,Disagree,Disagree,Strongly agree,Strongly agree,Strongly agree,Strongly agree,Strongly agree,Disagree,Disagree,Somewhat agree,Somewhat disagree,Somewhat agree,25-34,Woman,Yes,Moderately familiar,LH
09/09/2026 13:16,09/09/2026 13:18,IP Address,100,114,TRUE,09/09/2026 13:18,R_1pXEHkc3ZwsJ9ZW,,,,,anonymous,EN,FL_EOS_ID,,I agree,Yes,Yes,Daily,Yes,,Please confirm you have read the post before continuing.,,,Neither agree nor disagree,Somewhat disagree,Neither agree nor disagree,Neither agree nor disagree,Somewhat agree,Neither agree nor disagree,Neither agree nor disagree,Neither agree nor disagree,Strongly agree,Strongly agree,Strongly agree,Strongly agree,Strongly agree,Strongly agree,Strongly agree,Somewhat disagree,Strongly disagree,Strongly disagree,25-34,Woman,No,Quite familiar,HL
09/09/2026 15:15,09/09/2026 15:17,IP Address,100,158,TRUE,09/09/2026 15:17,R_9PaYTxoxMj9Dtkt,,,,,anonymous,ZH-S,FL_EOS_ID,,I agree,Yes,Yes,Daily,Yes,,,Please confirm you have read the post before continuing.,,Somewhat agree,Somewhat agree,Agree,Agree,Agree,Neither agree nor disagree,Neither agree nor disagree,Neither agree nor disagree,Somewhat agree,Somewhat agree,Somewhat agree,Somewhat agree,Strongly agree,Somewhat agree,Somewhat agree,Agree,Agree,Somewhat agree,25-34,Woman,Yes,Somewhat familiar,LH
09/09/2026 16:13,09/09/2026 16:17,IP Address,100,207,TRUE,09/09/2026 16:17,R_7sztfXAPemskvfx,,,,,anonymous,EN,FL_EOS_ID,,I agree,Yes,Yes,Daily,Yes,,Please confirm you have read the post before continuing.,,,Strongly disagree,Strongly disagree,Strongly disagree,Strongly disagree,Strongly disagree,Strongly disagree,Strongly disagree,Strongly disagree,Agree,Agree,Agree,Agree,Strongly agree,Somewhat agree,Agree,Strongly disagree,Strongly disagree,Strongly disagree,25-34,Man,No,Not familiar at all,HL
09/09/2026 16:29,09/09/2026 16:31,IP Address,100,122,TRUE,09/09/2026 16:31,R_6Sc8jIbS9T8FaRO,,,,,anonymous,ZH-S,FL_EOS_ID,,I agree,Yes,Yes,Several times a week,Yes,Please confirm you have read the post before continuing.,,,,Strongly agree,Agree,Agree,Strongly agree,Strongly agree,Agree,Agree,Strongly agree,Strongly agree,Agree,Agree,Agree,Strongly agree,Strongly agree,Agree,Strongly agree,Strongly agree,Strongly agree,18-24,Woman,Yes,Very familiar,HH
09/09/2026 16:33,09/09/2026 16:35,IP Address,100,141,TRUE,09/09/2026 16:35,R_7E7eHK7kC17Sw4f,,,,,anonymous,ZH-S,FL_EOS_ID,,I agree,Yes,Yes,Daily,Yes,Please confirm you have read the post before continuing.,,,,Agree,Agree,Agree,Agree,Strongly agree,Strongly agree,Strongly agree,Strongly agree,Strongly agree,Strongly agree,Strongly agree,Strongly agree,Strongly agree,Strongly agree,Agree,Agree,Strongly agree,Strongly agree,35-44,Man,Yes,Extremely familiar,HH
09/09/2026 16:39,09/09/2026 16:43,IP Address,100,253,TRUE,09/09/2026 16:43,R_9OZiT1teWyiY2wl,,,,,qr,ZH-S,FL_EOS_ID,,I agree,Yes,Yes,Once a week,Yes,,,,Please confirm you have read the post before continuing.,Neither agree nor disagree,Neither agree nor disagree,Neither agree nor disagree,Neither agree nor disagree,Neither agree nor disagree,Neither agree nor disagree,Neither agree nor disagree,Neither agree nor disagree,Neither agree nor disagree,Neither agree nor disagree,Neither agree nor disagree,Neither agree nor disagree,Neither agree nor disagree,Neither agree nor disagree,Neither agree nor disagree,Neither agree nor disagree,Neither agree nor disagree,Neither agree nor disagree,45 or above,Woman,No,Not familiar at all,LL
09/09/2026 17:09,09/09/2026 17:13,IP Address,100,199,TRUE,09/09/2026 17:13,R_9LU4552mqVFYajf,,,,,qr,ZH-S,FL_EOS_ID,,I agree,Yes,Yes,Daily,Yes,,Please confirm you have read the post before continuing.,,,Neither agree nor disagree,Somewhat disagree,Somewhat agree,Somewhat agree,Disagree,Neither agree nor disagree,Somewhat agree,Somewhat agree,Strongly agree,Strongly agree,Strongly agree,Strongly agree,Strongly agree,Neither agree nor disagree,Strongly agree,Somewhat agree,Somewhat agree,Somewhat agree,35-44,Man,Not sure / Cannot remember,Somewhat familiar,HL
09/09/2026 17:22,09/09/2026 17:24,IP Address,100,110,TRUE,09/09/2026 17:24,R_7M0bGP3Nb8zJYIg,,,,,anonymous,ZH-S,FL_EOS_ID,,I agree,Yes,Yes,Daily,Yes,Please confirm you have read the post before continuing.,,,,Agree,Agree,Agree,Agree,Agree,Agree,Agree,Agree,Strongly agree,Strongly agree,Strongly agree,Agree,Strongly agree,Strongly agree,Strongly agree,Strongly agree,Strongly agree,Strongly agree,25-34,Woman,Yes,Extremely familiar,HH
09/09/2026 17:25,09/09/2026 17:27,IP Address,100,113,TRUE,09/09/2026 17:27,R_5uNBB9FbyrIB6pw,,,,,qr,ZH-S,FL_EOS_ID,,I agree,Yes,Yes,Daily,Yes,,Please confirm you have read the post before continuing.,,,Strongly agree,Strongly agree,Strongly agree,Strongly agree,Strongly agree,Strongly agree,Strongly agree,Strongly agree,Somewhat agree,Agree,Strongly agree,Strongly agree,Strongly agree,Strongly agree,Strongly agree,Strongly agree,Strongly agree,Strongly agree,25-34,Man,Yes,Very familiar,HL
09/09/2026 17:25,09/09/2026 17:27,IP Address,100,141,TRUE,09/09/2026 17:27,R_5dyXDr9QkavA8P9,,,,,anonymous,EN,FL_EOS_ID,,I agree,Yes,Yes,Several times a week,Yes,,,Please confirm you have read the post before continuing.,,Neither agree nor disagree,Somewhat agree,Neither agree nor disagree,Somewhat disagree,Somewhat agree,Somewhat agree,Somewhat agree,Somewhat agree,Strongly agree,Strongly agree,Strongly agree,Strongly agree,Strongly agree,Agree,Agree,Neither agree nor disagree,Disagree,Neither agree nor disagree,18-24,Prefer not to say,No,Moderately familiar,LH
09/09/2026 17:41,09/09/2026 17:46,IP Address,100,272,TRUE,09/09/2026 17:46,R_4cthehX2ENKIVjR,,,,,qr,ZH-S,FL_EOS_ID,,I agree,Yes,Yes,Daily,Yes,,,,Please confirm you have read the post before continuing.,Somewhat agree,Agree,Agree,Somewhat agree,Agree,Agree,Strongly agree,Agree,Somewhat agree,Agree,Somewhat agree,Neither agree nor disagree,Strongly agree,Neither agree nor disagree,Somewhat agree,Somewhat agree,Somewhat agree,Somewhat agree,45 or above,Man,No,Moderately familiar,LL
09/09/2026 18:37,09/09/2026 18:39,IP Address,100,111,TRUE,09/09/2026 18:39,R_4YnfaOECXsXh8yl,,,,,anonymous,ZH-S,FL_EOS_ID,,I agree,Yes,Yes,Daily,Yes,Please confirm you have read the post before continuing.,,,,Strongly agree,Strongly agree,Strongly agree,Strongly agree,Strongly agree,Strongly agree,Strongly agree,Strongly agree,Strongly agree,Strongly agree,Strongly agree,Strongly agree,Strongly agree,Strongly agree,Strongly agree,Strongly agree,Strongly agree,Strongly agree,25-34,Man,Not sure / Cannot remember,Extremely familiar,HH
09/09/2026 19:02,09/09/2026 19:05,IP Address,100,178,TRUE,09/09/2026 19:05,R_3oqeyLjnTv0x0ng,,,,,anonymous,EN,FL_EOS_ID,,I agree,Yes,Yes,Daily,Yes,,Please confirm you have read the post before continuing.,,,Neither agree nor disagree,Somewhat disagree,Somewhat disagree,Disagree,Somewhat disagree,Somewhat agree,Neither agree nor disagree,Somewhat agree,Agree,Agree,Agree,Agree,Strongly agree,Somewhat disagree,Somewhat disagree,Disagree,Disagree,Somewhat disagree,45 or above,Woman,No,Very familiar,HL
09/09/2026 19:19,09/09/2026 19:21,IP Address,100,92,TRUE,09/09/2026 19:21,R_3bW40sFXuVojHBT,,,,,anonymous,ZH-S,FL_EOS_ID,,I agree,Yes,Yes,Several times a week,Yes,,,,Please confirm you have read the post before continuing.,Agree,Agree,Strongly agree,Strongly agree,Strongly agree,Strongly agree,Strongly agree,Strongly agree,Strongly agree,Strongly agree,Strongly agree,Strongly agree,Strongly agree,Strongly agree,Strongly agree,Strongly agree,Strongly agree,Strongly agree,25-34,Woman,Yes,Very familiar,LL
09/09/2026 20:08,09/09/2026 20:11,IP Address,100,147,TRUE,09/09/2026 20:11,R_3oBwjVv9Q0kI1mp,,,,,anonymous,EN,FL_EOS_ID,,I agree,Yes,Yes,Daily,Yes,,,Please confirm you have read the post before continuing.,,Neither agree nor disagree,Neither agree nor disagree,Neither agree nor disagree,Neither agree nor disagree,Neither agree nor disagree,Neither agree nor disagree,Neither agree nor disagree,Neither agree nor disagree,Agree,Strongly agree,Agree,Agree,Strongly agree,Neither agree nor disagree,Neither agree nor disagree,Somewhat agree,Somewhat disagree,Somewhat agree,45 or above,Woman,Yes,Very familiar,LH
09/09/2026 21:23,09/09/2026 21:25,IP Address,100,137,TRUE,09/09/2026 21:25,R_4Sc2rE8tDDQd6q5,,,,,anonymous,EN,FL_EOS_ID,,I agree,Yes,Yes,Daily,Yes,Please confirm you have read the post before continuing.,,,,Agree,Somewhat agree,Somewhat agree,Somewhat agree,Disagree,Disagree,Disagree,Disagree,Somewhat disagree,Neither agree nor disagree,Neither agree nor disagree,Somewhat agree,Strongly agree,Somewhat disagree,Somewhat disagree,Neither agree nor disagree,Somewhat agree,Somewhat agree,18-24,Man,No,Slightly familiar,HH
09/09/2026 21:40,09/09/2026 21:43,IP Address,100,185,TRUE,09/09/2026 21:43,R_1lmg2BqdkNAGzm4,,,,,anonymous,ZH-S,FL_EOS_ID,,I agree,Yes,Yes,Several times a week,No,,Please confirm you have read the post before continuing.,,,Disagree,Disagree,Strongly disagree,Disagree,Strongly disagree,Strongly disagree,Strongly disagree,Strongly disagree,Strongly agree,Strongly agree,Strongly agree,Strongly agree,Strongly agree,Strongly agree,Strongly agree,Strongly disagree,Strongly disagree,Strongly disagree,25-34,Man,No,Slightly familiar,HL
09/09/2026 22:31,09/09/2026 22:33,IP Address,100,126,TRUE,09/09/2026 22:33,R_9VpqkQ8zuRIeVBn,,,,,anonymous,ZH-S,FL_EOS_ID,,I agree,Yes,Yes,Daily,Yes,,,Please confirm you have read the post before continuing.,,Somewhat disagree,Neither agree nor disagree,Somewhat disagree,Somewhat disagree,Disagree,Somewhat disagree,Neither agree nor disagree,Neither agree nor disagree,Strongly agree,Strongly agree,Strongly agree,Strongly agree,Strongly agree,Strongly agree,Strongly agree,Somewhat agree,Somewhat disagree,Agree,25-34,Woman,Yes,Quite familiar,LH
09/09/2026 22:33,09/09/2026 22:36,IP Address,100,148,TRUE,09/09/2026 22:36,R_3Spg5GqsJ1BvQD6,,,,,qr,ZH-S,FL_EOS_ID,,I agree,Yes,Yes,Daily,Yes,,,,Please confirm you have read the post before continuing.,Strongly disagree,Agree,Agree,Agree,Agree,Agree,Agree,Agree,Agree,Agree,Agree,Agree,Agree,Agree,Agree,Agree,Agree,Agree,35-44,Woman,Yes,Moderately familiar,LL
09/09/2026 22:37,09/09/2026 22:39,IP Address,100,133,TRUE,09/09/2026 22:39,R_1P5f7wNyCPJzxK6,,,,,anonymous,EN,FL_EOS_ID,,I agree,Yes,Yes,Daily,Yes,,,Please confirm you have read the post before continuing.,,Disagree,Disagree,Neither agree nor disagree,Disagree,Somewhat disagree,Neither agree nor disagree,Somewhat agree,Somewhat agree,Strongly agree,Strongly agree,Strongly agree,Strongly agree,Strongly agree,Agree,Agree,Somewhat agree,Somewhat disagree,Somewhat disagree,25-34,Man,Yes,Somewhat familiar,LH
09/09/2026 22:48,09/09/2026 22:52,IP Address,100,203,TRUE,09/09/2026 22:52,R_9iX6kLfreiAt7za,,,,,anonymous,EN,FL_EOS_ID,,I agree,Yes,Yes,Daily,Yes,,Please confirm you have read the post before continuing.,,,Somewhat agree,Somewhat agree,Somewhat agree,Neither agree nor disagree,Somewhat agree,Agree,Somewhat agree,Neither agree nor disagree,Agree,Agree,Somewhat agree,Agree,Strongly agree,Strongly agree,Strongly agree,Somewhat agree,Disagree,Somewhat disagree,45 or above,Man,No,Not familiar at all,HL
09/09/2026 23:06,09/09/2026 23:08,IP Address,100,146,TRUE,09/09/2026 23:08,R_4EmKoEwvKemT5pW,,,,,anonymous,EN,FL_EOS_ID,,I agree,Yes,Yes,Daily,Yes,,,,Please confirm you have read the post before continuing.,Somewhat disagree,Neither agree nor disagree,Neither agree nor disagree,Neither agree nor disagree,Neither agree nor disagree,Neither agree nor disagree,Somewhat disagree,Somewhat disagree,Agree,Agree,Agree,Agree,Strongly agree,Neither agree nor disagree,Neither agree nor disagree,Somewhat disagree,Disagree,Neither agree nor disagree,18-24,Woman,Yes,Moderately familiar,LL
09/09/2026 23:03,09/09/2026 23:09,IP Address,100,369,TRUE,09/09/2026 23:09,R_9SwRO42w4Q1Gcdb,,,,,anonymous,EN,FL_EOS_ID,,I agree,Yes,Yes,Daily,Yes,,,,Please confirm you have read the post before continuing.,Disagree,Somewhat disagree,Disagree,Somewhat disagree,Neither agree nor disagree,Somewhat disagree,Somewhat disagree,Neither agree nor disagree,Somewhat agree,Somewhat agree,Agree,Somewhat agree,Strongly agree,Somewhat agree,Somewhat agree,Somewhat disagree,Somewhat disagree,Somewhat disagree,18-24,Woman,Not sure / Cannot remember,Somewhat familiar,LL
09/09/2026 23:08,09/09/2026 23:11,IP Address,100,195,TRUE,09/09/2026 23:11,R_9I47IqKSu8dOiBl,,,,,anonymous,ZH-S,FL_EOS_ID,,I agree,Yes,Yes,Daily,Yes,,Please confirm you have read the post before continuing.,,,Somewhat disagree,Somewhat disagree,Neither agree nor disagree,Neither agree nor disagree,Somewhat disagree,Somewhat agree,Somewhat agree,Somewhat agree,Somewhat agree,Somewhat agree,Somewhat agree,Agree,Strongly agree,Neither agree nor disagree,Somewhat agree,Somewhat disagree,Somewhat disagree,Somewhat disagree,25-34,Woman,Yes,Slightly familiar,HL
09/09/2026 23:27,09/09/2026 23:30,IP Address,100,216,TRUE,09/09/2026 23:30,R_9ltr1wBM3uaxyoX,,,,,anonymous,EN,FL_EOS_ID,,I agree,Yes,Yes,Daily,Yes,,,Please confirm you have read the post before continuing.,,Somewhat agree,Somewhat agree,Somewhat agree,Somewhat agree,Somewhat disagree,Disagree,Neither agree nor disagree,Neither agree nor disagree,Strongly agree,Strongly agree,Strongly agree,Strongly agree,Strongly agree,Neither agree nor disagree,Somewhat agree,Somewhat agree,Neither agree nor disagree,Agree,45 or above,Man,Yes,Slightly familiar,LH
10/09/2026 00:10,10/09/2026 00:13,IP Address,100,209,TRUE,10/09/2026 00:13,R_9bsRedkIQP9c0V3,,,,,anonymous,EN,FL_EOS_ID,,I agree,Yes,Yes,Daily,Yes,Please confirm you have read the post before continuing.,,,,Somewhat agree,Agree,Agree,Agree,Neither agree nor disagree,Neither agree nor disagree,Neither agree nor disagree,Neither agree nor disagree,Agree,Agree,Agree,Agree,Strongly agree,Somewhat agree,Agree,Agree,Somewhat agree,Agree,25-34,Woman,Yes,Quite familiar,HH
10/09/2026 00:38,10/09/2026 00:42,IP Address,100,269,TRUE,10/09/2026 00:42,R_5qxnbGIiW03GVbs,,,,,anonymous,EN,FL_EOS_ID,,I agree,Yes,Yes,Daily,Yes,,,,Please confirm you have read the post before continuing.,Somewhat disagree,Agree,Agree,Disagree,Somewhat agree,Somewhat disagree,Somewhat disagree,Disagree,Somewhat disagree,Somewhat agree,Somewhat disagree,Neither agree nor disagree,Somewhat agree,Agree,Somewhat disagree,Somewhat agree,Somewhat agree,Somewhat disagree,18-24,Man,Yes,Moderately familiar,LL
10/09/2026 00:40,10/09/2026 00:43,IP Address,100,191,TRUE,10/09/2026 00:43,R_4phBIiyccK0zeW1,,,,,anonymous,EN,FL_EOS_ID,,I agree,Yes,Yes,Daily,Yes,,Please confirm you have read the post before continuing.,,,Somewhat agree,Neither agree nor disagree,Neither agree nor disagree,Neither agree nor disagree,Neither agree nor disagree,Disagree,Disagree,Neither agree nor disagree,Strongly agree,Strongly agree,Strongly agree,Strongly agree,Strongly agree,Strongly agree,Agree,Disagree,Strongly disagree,Strongly disagree,18-24,Man,Yes,Somewhat familiar,HL
10/09/2026 01:11,10/09/2026 01:15,IP Address,100,202,TRUE,10/09/2026 01:15,R_3L4QFDKIB1ASwa5,,,,,anonymous,EN,FL_EOS_ID,,I agree,Yes,Yes,Daily,Yes,,,Please confirm you have read the post before continuing.,,Somewhat agree,Somewhat agree,Neither agree nor disagree,Somewhat agree,Somewhat agree,Somewhat agree,Somewhat agree,Somewhat agree,Agree,Agree,Agree,Agree,Strongly agree,Agree,Somewhat disagree,Somewhat disagree,Somewhat disagree,Somewhat agree,35-44,Man,No,Slightly familiar,LH
10/09/2026 01:36,10/09/2026 01:42,IP Address,100,325,TRUE,10/09/2026 01:42,R_8mC8RUdnEn5j5sF,,,,,anonymous,EN,FL_EOS_ID,,I agree,Yes,Yes,Daily,Yes,Please confirm you have read the post before continuing.,,,,Neither agree nor disagree,Somewhat agree,Somewhat disagree,Somewhat agree,Disagree,Disagree,Neither agree nor disagree,Somewhat disagree,Agree,Strongly agree,Agree,Strongly agree,Strongly agree,Strongly agree,Agree,Somewhat agree,Neither agree nor disagree,Somewhat agree,25-34,Woman,Yes,Not familiar at all,HH
10/09/2026 01:58,10/09/2026 02:01,IP Address,100,164,TRUE,10/09/2026 02:01,R_4GlQ91xVZAXH0gF,,,,,qr,ZH-S,FL_EOS_ID,,I agree,Yes,Yes,Daily,Yes,,,Please confirm you have read the post before continuing.,,Neither agree nor disagree,Neither agree nor disagree,Neither agree nor disagree,Neither agree nor disagree,Neither agree nor disagree,Neither agree nor disagree,Neither agree nor disagree,Neither agree nor disagree,Neither agree nor disagree,Neither agree nor disagree,Neither agree nor disagree,Neither agree nor disagree,Strongly agree,Neither agree nor disagree,Neither agree nor disagree,Neither agree nor disagree,Neither agree nor disagree,Neither agree nor disagree,Prefer not to say,Man,Not sure / Cannot remember,Moderately familiar,LH
10/09/2026 04:52,10/09/2026 04:55,IP Address,100,179,TRUE,10/09/2026 04:55,R_2rjZC1L43kEHT3S,,,,,anonymous,EN,FL_EOS_ID,,I agree,Yes,Yes,Daily,Yes,,,,Please confirm you have read the post before continuing.,Agree,Neither agree nor disagree,Somewhat disagree,Disagree,Neither agree nor disagree,Somewhat disagree,Somewhat disagree,Somewhat disagree,Strongly agree,Strongly agree,Strongly agree,Strongly agree,Strongly agree,Strongly agree,Strongly agree,Strongly disagree,Strongly disagree,Strongly disagree,25-34,Woman,No,Somewhat familiar,LL
10/09/2026 04:55,10/09/2026 04:58,IP Address,100,181,TRUE,10/09/2026 04:58,R_91HTn1f3A88uqv0,,,,,anonymous,ZH-S,FL_EOS_ID,,I agree,Yes,Yes,Daily,Yes,,Please confirm you have read the post before continuing.,,,Strongly disagree,Disagree,Disagree,Disagree,Neither agree nor disagree,Neither agree nor disagree,Neither agree nor disagree,Neither agree nor disagree,Strongly agree,Strongly agree,Strongly agree,Strongly agree,Strongly agree,Strongly agree,Somewhat disagree,Disagree,Disagree,Neither agree nor disagree,25-34,Woman,Yes,Quite familiar,HL
10/09/2026 04:56,10/09/2026 05:00,IP Address,100,210,TRUE,10/09/2026 05:00,R_2IH4elge8OV9j9v,,,,,anonymous,EN,FL_EOS_ID,,I agree,Yes,Yes,Daily,Yes,,,,Please confirm you have read the post before continuing.,Agree,Somewhat disagree,Neither agree nor disagree,Neither agree nor disagree,Somewhat disagree,Neither agree nor disagree,Neither agree nor disagree,Neither agree nor disagree,Strongly agree,Strongly agree,Strongly agree,Strongly agree,Strongly agree,Strongly agree,Neither agree nor disagree,Neither agree nor disagree,Strongly disagree,Strongly disagree,25-34,Woman,Yes,Very familiar,LL
10/09/2026 05:04,10/09/2026 05:06,IP Address,100,111,TRUE,10/09/2026 05:06,R_946jLlmFwwaGvqf,,,,,qr,ZH-S,FL_EOS_ID,,I agree,Yes,Yes,Daily,Yes,Please confirm you have read the post before continuing.,,,,Somewhat disagree,Somewhat disagree,Somewhat disagree,Somewhat disagree,Somewhat disagree,Somewhat disagree,Somewhat disagree,Somewhat disagree,Strongly agree,Strongly agree,Somewhat agree,Agree,Strongly agree,Somewhat agree,Somewhat agree,Somewhat disagree,Somewhat disagree,Somewhat agree,25-34,Woman,No,Extremely familiar,HH
10/09/2026 05:05,10/09/2026 05:10,IP Address,100,296,TRUE,10/09/2026 05:10,R_207eTE3pMtHW7dh,,,,,anonymous,EN,FL_EOS_ID,,I agree,Yes,Yes,Once a week,Yes,,,Please confirm you have read the post before continuing.,,Strongly disagree,Disagree,Disagree,Disagree,Somewhat disagree,Disagree,Disagree,Disagree,Strongly agree,Strongly agree,Strongly agree,Strongly agree,Strongly agree,Strongly disagree,Somewhat agree,Disagree,Somewhat disagree,Somewhat disagree,45 or above,Man,No,Not familiar at all,LH
10/09/2026 05:09,10/09/2026 05:12,IP Address,100,195,TRUE,10/09/2026 05:12,R_81R6caZ8O1PM4uP,,,,,anonymous,EN,FL_EOS_ID,,I agree,Yes,Yes,Daily,Yes,,Please confirm you have read the post before continuing.,,,Neither agree nor disagree,Somewhat disagree,Disagree,Disagree,Neither agree nor disagree,Neither agree nor disagree,Neither agree nor disagree,Neither agree nor disagree,Strongly agree,Agree,Strongly agree,Agree,Strongly agree,Disagree,Disagree,Disagree,Strongly disagree,Disagree,35-44,Man,No,Somewhat familiar,HL
10/09/2026 05:41,10/09/2026 05:46,IP Address,100,313,TRUE,10/09/2026 05:46,R_2hxLuvlWvuOU2KY,,,,,anonymous,EN,FL_EOS_ID,,I agree,Yes,Yes,Several times a week,Yes,Please confirm you have read the post before continuing.,,,,Somewhat agree,Somewhat agree,Somewhat agree,Strongly disagree,Disagree,Neither agree nor disagree,Neither agree nor disagree,Neither agree nor disagree,Strongly agree,Strongly agree,Strongly agree,Strongly agree,Strongly agree,Agree,Somewhat disagree,Somewhat agree,Neither agree nor disagree,Somewhat agree,35-44,Woman,Yes,Extremely familiar,HH
10/09/2026 05:42,10/09/2026 05:53,IP Address,100,640,TRUE,10/09/2026 05:53,R_2iWQ8Wc8Ba8yUFD,,,,,anonymous,EN,FL_EOS_ID,,I agree,Yes,Yes,Daily,Yes,,Please confirm you have read the post before continuing.,,,Neither agree nor disagree,Somewhat disagree,Somewhat disagree,Somewhat disagree,Neither agree nor disagree,Neither agree nor disagree,Somewhat disagree,Neither agree nor disagree,Somewhat agree,Somewhat agree,Somewhat agree,Neither agree nor disagree,Strongly agree,Agree,Somewhat agree,Disagree,Disagree,Disagree,45 or above,Woman,Yes,Somewhat familiar,HL
10/09/2026 05:56,10/09/2026 05:58,IP Address,100,126,TRUE,10/09/2026 05:58,R_7GczW8ugN3QpAKf,,,,,anonymous,ZH-S,FL_EOS_ID,,I agree,Yes,Yes,Daily,Yes,,,Please confirm you have read the post before continuing.,,Strongly agree,Strongly agree,Strongly agree,Strongly agree,Strongly agree,Strongly agree,Strongly agree,Strongly agree,Strongly agree,Strongly agree,Strongly agree,Strongly agree,Strongly agree,Strongly agree,Strongly agree,Strongly agree,Strongly agree,Strongly agree,35-44,Woman,Yes,Extremely familiar,LH
10/09/2026 06:25,10/09/2026 06:27,IP Address,100,142,TRUE,10/09/2026 06:27,R_8m9sELTrwdWxnec,,,,,anonymous,EN,FL_EOS_ID,,I agree,Yes,Yes,Daily,Yes,,,,Please confirm you have read the post before continuing.,Strongly disagree,Strongly agree,Strongly agree,Strongly agree,Neither agree nor disagree,Neither agree nor disagree,Neither agree nor disagree,Somewhat agree,Agree,Somewhat agree,Somewhat agree,Agree,Strongly agree,Strongly disagree,Strongly disagree,Agree,Disagree,Agree,18-24,Man,Yes,Moderately familiar,LL
10/09/2026 06:27,10/09/2026 06:31,IP Address,100,223,TRUE,10/09/2026 06:31,R_4rMPMAhXnM781Jj,,,,,anonymous,EN,FL_EOS_ID,,I agree,Yes,Yes,Daily,Yes,,Please confirm you have read the post before continuing.,,,Disagree,Disagree,Neither agree nor disagree,Somewhat disagree,Neither agree nor disagree,Somewhat disagree,Somewhat disagree,Somewhat agree,Agree,Agree,Agree,Somewhat agree,Strongly agree,Somewhat agree,Somewhat agree,Neither agree nor disagree,Somewhat disagree,Somewhat agree,35-44,Man,Yes,Slightly familiar,HL
10/09/2026 07:50,10/09/2026 07:55,IP Address,100,275,TRUE,10/09/2026 07:55,R_4yNwyUpgmxzEg4p,,,,,anonymous,EN,FL_EOS_ID,,I agree,Yes,Yes,Daily,Yes,,,Please confirm you have read the post before continuing.,,Disagree,Neither agree nor disagree,Neither agree nor disagree,Disagree,Disagree,Disagree,Disagree,Neither agree nor disagree,Somewhat agree,Somewhat agree,Agree,Strongly agree,Strongly agree,Disagree,Disagree,Neither agree nor disagree,Neither agree nor disagree,Neither agree nor disagree,35-44,Woman,Yes,Somewhat familiar,LH
10/09/2026 08:16,10/09/2026 08:19,IP Address,100,136,TRUE,10/09/2026 08:19,R_85u2f8tgbGP7NKK,,,,,anonymous,EN,FL_EOS_ID,,I agree,Yes,Yes,Daily,Yes,Please confirm you have read the post before continuing.,,,,Disagree,Strongly disagree,Somewhat disagree,Strongly disagree,Agree,Somewhat agree,Neither agree nor disagree,Agree,Strongly agree,Strongly agree,Strongly agree,Strongly agree,Strongly agree,Strongly agree,Strongly agree,Somewhat agree,Somewhat disagree,Somewhat agree,18-24,Woman,Yes,Very familiar,HH
10/09/2026 08:45,10/09/2026 08:47,IP Address,100,121,TRUE,10/09/2026 08:47,R_8KooysDw4ttdJKw,,,,,anonymous,EN,FL_EOS_ID,,I agree,Yes,Yes,Daily,Yes,,,,Please confirm you have read the post before continuing.,Disagree,Disagree,Somewhat disagree,Somewhat disagree,Disagree,Disagree,Disagree,Disagree,Agree,Strongly agree,Strongly agree,Strongly agree,Strongly agree,Strongly agree,Agree,Strongly disagree,Strongly disagree,Disagree,25-34,Woman,Yes,Slightly familiar,LL
10/09/2026 09:20,10/09/2026 09:23,IP Address,100,198,TRUE,10/09/2026 09:23,R_2eTrlOkOFd30iHv,,,,,anonymous,EN,FL_EOS_ID,,I agree,Yes,Yes,Daily,Yes,,,Please confirm you have read the post before continuing.,,Somewhat disagree,Disagree,Somewhat agree,Somewhat disagree,Somewhat disagree,Somewhat disagree,Somewhat agree,Neither agree nor disagree,Strongly agree,Strongly agree,Strongly agree,Strongly agree,Strongly agree,Agree,Strongly agree,Somewhat agree,Somewhat agree,Somewhat agree,25-34,Woman,Not sure / Cannot remember,Moderately familiar,LH
10/09/2026 09:30,10/09/2026 09:35,IP Address,100,326,TRUE,10/09/2026 09:35,R_8MPNdLkrXHFjLV3,,,,,anonymous,EN,FL_EOS_ID,,I agree,Yes,Yes,Daily,Yes,Please confirm you have read the post before continuing.,,,,Somewhat agree,Somewhat agree,Neither agree nor disagree,Neither agree nor disagree,Neither agree nor disagree,Agree,Agree,Agree,Strongly agree,Strongly agree,Strongly agree,Strongly agree,Strongly agree,Strongly agree,Strongly agree,Strongly agree,Strongly agree,Agree,25-34,Woman,Not sure / Cannot remember,Quite familiar,HH
10/09/2026 10:47,10/09/2026 10:52,IP Address,100,255,TRUE,10/09/2026 10:52,R_9luXO0dweN7gR67,,,,,anonymous,EN,FL_EOS_ID,,I agree,Yes,Yes,Daily,Yes,,,,Please confirm you have read the post before continuing.,Strongly disagree,Strongly disagree,Strongly disagree,Strongly disagree,Strongly disagree,Neither agree nor disagree,Disagree,Neither agree nor disagree,Strongly agree,Strongly agree,Strongly agree,Strongly agree,Strongly agree,Neither agree nor disagree,Agree,Disagree,Strongly disagree,Disagree,18-24,Woman,No,Extremely familiar,LL
10/09/2026 11:22,10/09/2026 11:25,IP Address,100,188,TRUE,10/09/2026 11:25,R_2pl2tO19UhN5Hn8,,,,,anonymous,EN,FL_EOS_ID,,I agree,Yes,Yes,Daily,Yes,,Please confirm you have read the post before continuing.,,,Strongly disagree,Strongly disagree,Strongly disagree,Strongly disagree,Strongly disagree,Strongly disagree,Agree,Somewhat agree,Strongly agree,Strongly agree,Strongly agree,Strongly agree,Strongly agree,Strongly agree,Somewhat disagree,Strongly disagree,Strongly disagree,Strongly disagree,18-24,Man,No,Slightly familiar,HL
10/09/2026 12:45,10/09/2026 13:21,IP Address,100,2154,TRUE,10/09/2026 13:21,R_4rKiTGNgjK51atH,,,,,anonymous,EN,FL_EOS_ID,,I agree,Yes,Yes,Daily,Yes,,,Please confirm you have read the post before continuing.,,Neither agree nor disagree,Strongly disagree,Strongly disagree,Strongly disagree,Neither agree nor disagree,Strongly disagree,Strongly disagree,Strongly disagree,Strongly agree,Strongly agree,Strongly agree,Strongly agree,Strongly agree,Strongly disagree,Strongly disagree,Strongly disagree,Strongly disagree,Disagree,25-34,Woman,Yes,Very familiar,LH
10/09/2026 14:20,10/09/2026 14:22,IP Address,100,178,TRUE,10/09/2026 14:22,R_7HwDGT4KAr6a081,,,,,anonymous,EN,FL_EOS_ID,,I agree,Yes,Yes,Daily,Yes,Please confirm you have read the post before continuing.,,,,Somewhat agree,Agree,Agree,Somewhat agree,Neither agree nor disagree,Disagree,Disagree,Neither agree nor disagree,Strongly agree,Strongly agree,Strongly agree,Strongly agree,Strongly agree,Strongly agree,Strongly agree,Agree,Neither agree nor disagree,Somewhat agree,35-44,Woman,Yes,Extremely familiar,HH
10/09/2026 14:20,10/09/2026 14:23,IP Address,100,205,TRUE,10/09/2026 14:23,R_97Cy4OZcaBLiocp,,,,,anonymous,EN,FL_EOS_ID,,I agree,Yes,Yes,Daily,Yes,,Please confirm you have read the post before continuing.,,,Somewhat agree,Somewhat agree,Neither agree nor disagree,Somewhat agree,Somewhat agree,Neither agree nor disagree,Somewhat agree,Somewhat agree,Agree,Agree,Agree,Agree,Somewhat agree,Somewhat agree,Somewhat agree,Neither agree nor disagree,Neither agree nor disagree,Somewhat disagree,25-34,Woman,Not sure / Cannot remember,Moderately familiar,HL
10/09/2026 14:28,10/09/2026 14:33,IP Address,100,282,TRUE,10/09/2026 14:33,R_80OObiqmUJm4fSa,,,,,anonymous,EN,FL_EOS_ID,,I agree,Yes,Yes,Several times a week,Yes,,,,Please confirm you have read the post before continuing.,Somewhat disagree,Somewhat disagree,Agree,Somewhat agree,Neither agree nor disagree,Somewhat agree,Somewhat agree,Disagree,Somewhat agree,Somewhat agree,Neither agree nor disagree,Somewhat agree,Somewhat disagree,Neither agree nor disagree,Somewhat agree,Neither agree nor disagree,Neither agree nor disagree,Neither agree nor disagree,18-24,Man,Not sure / Cannot remember,Somewhat familiar,LL
10/09/2026 15:11,10/09/2026 15:15,IP Address,100,248,TRUE,10/09/2026 15:15,R_2hSayVodMjjdu5b,,,,,anonymous,EN,FL_EOS_ID,,I agree,Yes,Yes,Several times a week,Yes,Please confirm you have read the post before continuing.,,,,Somewhat agree,Neither agree nor disagree,Neither agree nor disagree,Neither agree nor disagree,Somewhat agree,Neither agree nor disagree,Neither agree nor disagree,Neither agree nor disagree,Agree,Agree,Agree,Agree,Strongly agree,Agree,Agree,Somewhat agree,Neither agree nor disagree,Somewhat agree,18-24,Woman,Yes,Moderately familiar,HH
10/09/2026 15:33,10/09/2026 15:39,IP Address,100,372,TRUE,10/09/2026 15:39,R_2g5bcC7S2OTR8hU,,,,,anonymous,EN,FL_EOS_ID,,I agree,Yes,Yes,Daily,Yes,,,Please confirm you have read the post before continuing.,,Somewhat agree,Somewhat agree,Agree,Agree,Neither agree nor disagree,Somewhat agree,Somewhat agree,Somewhat agree,Strongly agree,Strongly agree,Strongly agree,Strongly agree,Strongly agree,Somewhat agree,Agree,Agree,Somewhat agree,Agree,35-44,Woman,Yes,Very familiar,LH
09/09/2026 05:40,10/09/2026 17:54,IP Address,100,130447,TRUE,10/09/2026 17:54,R_4hGYYXqFeBiTXuH,,,,,anonymous,ZH-S,FL_EOS_ID,,I agree,Yes,Yes,Several times a week,Yes,,Please confirm you have read the post before continuing.,,,Agree,Neither agree nor disagree,Neither agree nor disagree,Agree,Agree,Strongly agree,Agree,Agree,Strongly agree,Strongly agree,Strongly agree,Strongly agree,Strongly agree,Strongly agree,Strongly agree,Strongly agree,Strongly agree,Strongly agree,Prefer not to say,Woman,Not sure / Cannot remember,Somewhat familiar,HL
10/09/2026 18:55,10/09/2026 19:00,IP Address,100,313,TRUE,10/09/2026 19:00,R_6PHOVwjI3FwT9mT,,,,,anonymous,EN,FL_EOS_ID,,I agree,Yes,Yes,Daily,Yes,,,,Please confirm you have read the post before continuing.,Disagree,Somewhat disagree,Neither agree nor disagree,Somewhat disagree,Disagree,Disagree,Disagree,Disagree,Strongly agree,Strongly agree,Agree,Strongly agree,Strongly agree,Disagree,Disagree,Strongly disagree,Strongly disagree,Disagree,45 or above,Man,Yes,Moderately familiar,LL
10/09/2026 21:05,10/09/2026 21:09,IP Address,100,242,TRUE,10/09/2026 21:09,R_9aXqW0DW3yggBIN,,,,,anonymous,EN,FL_EOS_ID,,I agree,Yes,Yes,Daily,Yes,,,,Please confirm you have read the post before continuing.,Neither agree nor disagree,Somewhat agree,Somewhat agree,Somewhat agree,Neither agree nor disagree,Neither agree nor disagree,Somewhat agree,Agree,Strongly agree,Strongly agree,Agree,Strongly agree,Strongly agree,Strongly agree,Agree,Somewhat agree,Disagree,Somewhat disagree,25-34,Man,No,Slightly familiar,LL
10/09/2026 23:07,10/09/2026 23:10,IP Address,100,193,TRUE,10/09/2026 23:10,R_2ilhlQc9YIxotL5,,,,,qr,ZH-S,FL_EOS_ID,,I agree,Yes,Yes,Daily,Yes,Please confirm you have read the post before continuing.,,,,Agree,Neither agree nor disagree,Somewhat agree,Somewhat agree,Neither agree nor disagree,Somewhat disagree,Neither agree nor disagree,Neither agree nor disagree,Agree,Agree,Agree,Agree,Strongly agree,Neither agree nor disagree,Agree,Somewhat agree,Agree,Agree,25-34,Man,Yes,Moderately familiar,HH
11/09/2026 00:12,11/09/2026 00:13,IP Address,100,71,TRUE,11/09/2026 00:13,R_1OpK7G7BMHqmfc0,,,,,anonymous,EN,FL_EOS_ID,,I agree,Yes,Yes,Daily,Yes,,,Please confirm you have read the post before continuing.,,Somewhat disagree,Neither agree nor disagree,Neither agree nor disagree,Neither agree nor disagree,Neither agree nor disagree,Neither agree nor disagree,Neither agree nor disagree,Somewhat disagree,Somewhat disagree,Strongly disagree,Somewhat agree,Agree,Neither agree nor disagree,Agree,Disagree,Disagree,Neither agree nor disagree,Disagree,35-44,Woman,Yes,Slightly familiar,LH
11/09/2026 01:22,11/09/2026 01:24,IP Address,100,123,TRUE,11/09/2026 01:24,R_42b8Crkd7UiZQqb,,,,,anonymous,EN,FL_EOS_ID,,I agree,Yes,Yes,Daily,Yes,,,,Please confirm you have read the post before continuing.,Disagree,Strongly disagree,Disagree,Strongly disagree,Strongly disagree,Strongly disagree,Somewhat disagree,Neither agree nor disagree,Strongly disagree,Somewhat disagree,Somewhat disagree,Somewhat disagree,Agree,Strongly agree,Neither agree nor disagree,Somewhat agree,Somewhat disagree,Disagree,25-34,Woman,Yes,Very familiar,LL
11/09/2026 01:20,11/09/2026 01:26,IP Address,100,347,TRUE,11/09/2026 01:26,R_4Z4h4TAzCfP8qtz,,,,,anonymous,EN,FL_EOS_ID,,I agree,Yes,Yes,Daily,Yes,,Please confirm you have read the post before continuing.,,,Strongly agree,Strongly agree,Strongly agree,Strongly agree,Disagree,Somewhat disagree,Strongly disagree,Neither agree nor disagree,Strongly agree,Strongly agree,Strongly agree,Strongly agree,Strongly agree,Somewhat agree,Somewhat agree,Somewhat agree,Somewhat agree,Somewhat agree,25-34,Woman,Yes,Quite familiar,HL
11/09/2026 03:00,11/09/2026 03:04,IP Address,100,195,TRUE,11/09/2026 03:04,R_2kyTCq1dgW3V97O,,,,,anonymous,ZH-S,FL_EOS_ID,,I agree,Yes,Yes,Daily,Yes,Please confirm you have read the post before continuing.,,,,Somewhat agree,Somewhat agree,Agree,Somewhat agree,Somewhat disagree,Somewhat disagree,Somewhat disagree,Somewhat disagree,Somewhat agree,Agree,Agree,Somewhat agree,Strongly agree,Somewhat agree,Somewhat agree,Somewhat agree,Somewhat agree,Somewhat disagree,25-34,Man,Yes,Slightly familiar,HH
11/09/2026 04:49,11/09/2026 04:52,IP Address,100,210,TRUE,11/09/2026 04:52,R_2dReqM1uGLvIQIg,,,,,anonymous,EN,FL_EOS_ID,,I agree,Yes,Yes,Less often,No,,,Please confirm you have read the post before continuing.,,Neither agree nor disagree,Somewhat disagree,Somewhat disagree,Somewhat disagree,Somewhat disagree,Somewhat disagree,Somewhat disagree,Somewhat disagree,Somewhat agree,Neither agree nor disagree,Somewhat agree,Somewhat agree,Somewhat disagree,Agree,Neither agree nor disagree,Somewhat agree,Somewhat disagree,Disagree,45 or above,Man,No,Not familiar at all,LH
11/09/2026 05:15,11/09/2026 05:18,IP Address,100,152,TRUE,11/09/2026 05:18,R_2oKOLoouMcoMKXv,,,,,anonymous,EN,FL_EOS_ID,,I agree,Yes,Yes,Daily,Yes,,Please confirm you have read the post before continuing.,,,Somewhat agree,Somewhat agree,Somewhat agree,Somewhat disagree,Somewhat agree,Somewhat agree,Neither agree nor disagree,Somewhat disagree,Neither agree nor disagree,Somewhat agree,Somewhat agree,Somewhat disagree,Strongly agree,Neither agree nor disagree,Neither agree nor disagree,Somewhat agree,Strongly disagree,Somewhat disagree,18-24,Man,Not sure / Cannot remember,Somewhat familiar,HL
11/09/2026 06:19,11/09/2026 06:22,IP Address,100,178,TRUE,11/09/2026 06:22,R_8IhLpi3VzhsJHin,,,,,anonymous,EN,FL_EOS_ID,,I agree,Yes,Yes,Daily,Yes,,,,Please confirm you have read the post before continuing.,Disagree,Somewhat disagree,Neither agree nor disagree,Somewhat disagree,Disagree,Strongly disagree,Neither agree nor disagree,Neither agree nor disagree,Strongly agree,Strongly agree,Strongly agree,Strongly agree,Strongly agree,Strongly agree,Strongly agree,Strongly disagree,Strongly disagree,Strongly disagree,18-24,Woman,Yes,Extremely familiar,LL
11/09/2026 07:50,11/09/2026 07:54,IP Address,100,245,TRUE,11/09/2026 07:54,R_84hEkoZk6ae61md,,,,,anonymous,EN,FL_EOS_ID,,I agree,Yes,Yes,Daily,Yes,Please confirm you have read the post before continuing.,,,,Agree,Somewhat disagree,Disagree,Disagree,Somewhat disagree,Somewhat disagree,Somewhat agree,Neither agree nor disagree,Strongly agree,Strongly agree,Strongly agree,Strongly agree,Strongly agree,Strongly agree,Somewhat agree,Disagree,Somewhat disagree,Neither agree nor disagree,25-34,Prefer not to say,Yes,Quite familiar,HH
11/09/2026 09:01,11/09/2026 09:06,IP Address,100,321,TRUE,11/09/2026 09:06,R_93fptFWgjV9pg93,,,,,anonymous,EN,FL_EOS_ID,,I agree,Yes,Yes,Several times a week,Yes,,,Please confirm you have read the post before continuing.,,Neither agree nor disagree,Somewhat agree,Neither agree nor disagree,Somewhat disagree,Neither agree nor disagree,Somewhat agree,Somewhat disagree,Somewhat disagree,Agree,Strongly agree,Strongly agree,Agree,Strongly agree,Strongly agree,Strongly agree,Somewhat agree,Disagree,Neither agree nor disagree,18-24,Prefer not to say,Yes,Quite familiar,LH
11/09/2026 09:57,11/09/2026 10:00,IP Address,100,182,TRUE,11/09/2026 10:00,R_5KR4vAWJFKPRL9L,,,,,anonymous,EN,FL_EOS_ID,,I agree,Yes,Yes,Several times a week,Yes,,Please confirm you have read the post before continuing.,,,Disagree,Neither agree nor disagree,Somewhat agree,Somewhat agree,Neither agree nor disagree,Disagree,Disagree,Disagree,Strongly agree,Strongly agree,Strongly agree,Strongly agree,Strongly agree,Strongly agree,Agree,Strongly disagree,Strongly disagree,Disagree,35-44,Woman,Yes,Somewhat familiar,HL
11/09/2026 10:44,11/09/2026 10:44,IP Address,100,14,TRUE,11/09/2026 10:44,R_4AnvlmlvVqDxjXz,,,,,anonymous,EN,FL_EOS_ID,,I agree,No,Yes,,,,,,,,,,,,,,,,,,,,,,,,,,,,,
11/09/2026 10:47,11/09/2026 10:50,IP Address,100,173,TRUE,11/09/2026 10:50,R_9GBRm9LoQJoWQH2,,,,,qr,ZH-S,FL_EOS_ID,,I agree,Yes,Yes,Daily,Yes,,Please confirm you have read the post before continuing.,,,Somewhat agree,Somewhat agree,Somewhat agree,Somewhat agree,Neither agree nor disagree,Neither agree nor disagree,Somewhat agree,Neither agree nor disagree,Strongly agree,Strongly agree,Agree,Strongly agree,Strongly agree,Strongly agree,Strongly agree,Somewhat disagree,Somewhat disagree,Somewhat agree,25-34,Woman,No,Somewhat familiar,HL
11/09/2026 10:56,11/09/2026 11:04,IP Address,100,490,TRUE,11/09/2026 11:04,R_4PuzVMWT409RlOO,,,,,anonymous,EN,FL_EOS_ID,,I agree,Yes,Yes,Daily,Yes,Please confirm you have read the post before continuing.,,,,Somewhat disagree,Somewhat agree,Neither agree nor disagree,Neither agree nor disagree,Neither agree nor disagree,Neither agree nor disagree,Neither agree nor disagree,Somewhat disagree,Strongly agree,Strongly agree,Strongly agree,Strongly agree,Strongly agree,Agree,Somewhat agree,Neither agree nor disagree,Neither agree nor disagree,Somewhat agree,18-24,Woman,No,Slightly familiar,HH
11/09/2026 11:59,11/09/2026 12:06,IP Address,100,418,TRUE,11/09/2026 12:06,R_9rpOHkYmSbv7EiS,,,,,anonymous,EN,FL_EOS_ID,,I agree,Yes,Yes,Several times a week,Yes,,,,Please confirm you have read the post before continuing.,Strongly disagree,Agree,Agree,Agree,Neither agree nor disagree,Agree,Neither agree nor disagree,Agree,Agree,Agree,Agree,Agree,Agree,Agree,Agree,Neither agree nor disagree,Agree,Agree,25-34,Man,Not sure / Cannot remember,Extremely familiar,LL
11/09/2026 12:39,11/09/2026 12:44,IP Address,100,304,TRUE,11/09/2026 12:44,R_5jl9EnA1iB9i3hn,,,,,anonymous,EN,FL_EOS_ID,,I agree,Yes,Yes,Daily,Yes,,,Please confirm you have read the post before continuing.,,Agree,Agree,Agree,Agree,Somewhat disagree,Neither agree nor disagree,Neither agree nor disagree,Somewhat disagree,Strongly agree,Strongly agree,Strongly agree,Strongly agree,Strongly agree,Somewhat agree,Neither agree nor disagree,Somewhat agree,Somewhat disagree,Somewhat agree,18-24,Woman,Yes,Slightly familiar,LH
11/09/2026 12:48,11/09/2026 12:51,IP Address,100,186,TRUE,11/09/2026 12:51,R_3PwaCXj7nYzRGb7,,,,,anonymous,EN,FL_EOS_ID,,I agree,Yes,Yes,Daily,Yes,,,,Please confirm you have read the post before continuing.,Strongly disagree,Strongly disagree,Disagree,Strongly disagree,Strongly disagree,Somewhat agree,Somewhat agree,Agree,Strongly agree,Strongly agree,Strongly agree,Strongly agree,Strongly agree,Strongly agree,Strongly agree,Strongly disagree,Strongly disagree,Strongly disagree,35-44,Woman,Yes,Quite familiar,LL
11/09/2026 13:04,11/09/2026 13:08,IP Address,100,223,TRUE,11/09/2026 13:08,R_1NeOBzyjBWepik0,,,,,anonymous,EN,FL_EOS_ID,,I agree,Yes,Yes,Daily,Yes,,Please confirm you have read the post before continuing.,,,Somewhat agree,Somewhat agree,Neither agree nor disagree,Neither agree nor disagree,Somewhat disagree,Somewhat disagree,Somewhat disagree,Somewhat disagree,Strongly agree,Strongly agree,Strongly agree,Strongly agree,Strongly agree,Strongly agree,Strongly agree,Neither agree nor disagree,Somewhat disagree,Disagree,45 or above,Woman,Not sure / Cannot remember,Extremely familiar,HL
11/09/2026 15:29,11/09/2026 15:29,IP Address,100,13,TRUE,11/09/2026 15:29,R_7j3rT15Hgx3ZTbe,,,,,anonymous,EN,FL_EOS_ID,,I agree,No,Yes,,,,,,,,,,,,,,,,,,,,,,,,,,,,,
11/09/2026 20:12,11/09/2026 20:15,IP Address,100,210,TRUE,11/09/2026 20:15,R_90oMk6TVBjkjvCW,,,,,anonymous,EN,FL_EOS_ID,,I agree,Yes,Yes,Daily,Yes,Please confirm you have read the post before continuing.,,,,Somewhat agree,Agree,Disagree,Somewhat agree,Somewhat disagree,Disagree,Disagree,Neither agree nor disagree,Strongly agree,Strongly agree,Agree,Strongly agree,Strongly agree,Strongly agree,Strongly agree,Somewhat agree,Disagree,Somewhat disagree,18-24,Man,No,Somewhat familiar,HH
11/09/2026 22:05,11/09/2026 22:08,IP Address,100,162,TRUE,11/09/2026 22:08,R_41ZsrKtbguxvUZO,,,,,anonymous,EN,FL_EOS_ID,,I agree,Yes,Yes,Daily,Yes,,,Please confirm you have read the post before continuing.,,Strongly disagree,Disagree,Disagree,Disagree,Disagree,Neither agree nor disagree,Disagree,Disagree,Strongly agree,Strongly agree,Strongly agree,Strongly agree,Strongly agree,Strongly disagree,Neither agree nor disagree,Somewhat disagree,Disagree,Disagree,35-44,Man,Not sure / Cannot remember,Moderately familiar,LH
11/09/2026 23:33,11/09/2026 23:35,IP Address,100,141,TRUE,11/09/2026 23:35,R_9p5vh0tt1R42coS,,,,,anonymous,EN,FL_EOS_ID,,I agree,Yes,Yes,Daily,Yes,,,Please confirm you have read the post before continuing.,,Somewhat disagree,Disagree,Neither agree nor disagree,Neither agree nor disagree,Strongly disagree,Somewhat disagree,Disagree,Strongly disagree,Agree,Somewhat agree,Somewhat disagree,Disagree,Strongly agree,Disagree,Somewhat disagree,Neither agree nor disagree,Neither agree nor disagree,Somewhat agree,25-34,Woman,Yes,Somewhat familiar,LH
12/09/2026 01:04,12/09/2026 01:09,IP Address,100,308,TRUE,12/09/2026 01:09,R_6zqVuRg39EP0YYV,,,,,anonymous,EN,FL_EOS_ID,,I agree,Yes,Yes,Daily,Yes,Please confirm you have read the post before continuing.,,,,Disagree,Somewhat agree,Neither agree nor disagree,Somewhat agree,Disagree,Disagree,Neither agree nor disagree,Disagree,Agree,Strongly agree,Agree,Strongly agree,Strongly agree,Agree,Agree,Neither agree nor disagree,Somewhat agree,Somewhat agree,45 or above,Man,Not sure / Cannot remember,Not familiar at all,HH
12/09/2026 02:34,12/09/2026 02:38,IP Address,100,236,TRUE,12/09/2026 02:38,R_4ffNM0VYbeSmUtb,,,,,anonymous,EN,FL_EOS_ID,,I agree,Yes,Yes,Daily,Yes,,,,Please confirm you have read the post before continuing.,Neither agree nor disagree,Somewhat disagree,Somewhat disagree,Disagree,Disagree,Neither agree nor disagree,Neither agree nor disagree,Somewhat disagree,Agree,Agree,Agree,Agree,Strongly agree,Agree,Somewhat agree,Somewhat disagree,Strongly disagree,Strongly disagree,18-24,Prefer not to say,No,Quite familiar,LL
12/09/2026 02:58,12/09/2026 03:00,IP Address,100,142,TRUE,12/09/2026 03:00,R_92liA7wFThdkhB4,,,,,anonymous,EN,FL_EOS_ID,,I agree,Yes,Yes,Daily,Yes,,Please confirm you have read the post before continuing.,,,Somewhat agree,Somewhat agree,Neither agree nor disagree,Neither agree nor disagree,Somewhat disagree,Somewhat disagree,Neither agree nor disagree,Neither agree nor disagree,Agree,Somewhat agree,Neither agree nor disagree,Agree,Strongly agree,Somewhat disagree,Somewhat agree,Neither agree nor disagree,Neither agree nor disagree,Neither agree nor disagree,25-34,Woman,Not sure / Cannot remember,Quite familiar,HL
12/09/2026 05:02,12/09/2026 05:05,IP Address,100,176,TRUE,12/09/2026 05:05,R_2TTvsMyw04WJfQl,,,,,anonymous,EN,FL_EOS_ID,,I agree,Yes,Yes,Daily,Yes,,,,Please confirm you have read the post before continuing.,Agree,Agree,Neither agree nor disagree,Neither agree nor disagree,Neither agree nor disagree,Disagree,Disagree,Disagree,Strongly agree,Strongly agree,Strongly agree,Strongly agree,Strongly agree,Disagree,Strongly disagree,Somewhat disagree,Disagree,Disagree,45 or above,Man,Yes,Moderately familiar,LL
12/09/2026 05:55,12/09/2026 05:57,IP Address,100,121,TRUE,12/09/2026 05:57,R_40dnH1IqFHB8JB7,,,,,anonymous,EN,FL_EOS_ID,,I agree,Yes,Yes,Daily,Yes,Please confirm you have read the post before continuing.,,,,Somewhat agree,Somewhat agree,Somewhat agree,Agree,Somewhat disagree,Disagree,Agree,Somewhat agree,Somewhat agree,Somewhat agree,Neither agree nor disagree,Somewhat agree,Strongly agree,Strongly agree,Somewhat agree,Somewhat disagree,Somewhat disagree,Somewhat agree,18-24,Man,Yes,Moderately familiar,HH
12/09/2026 06:27,12/09/2026 06:29,IP Address,100,141,TRUE,12/09/2026 06:29,R_4j2l0qxKI3IKNwa,,,,,anonymous,EN,FL_EOS_ID,,I agree,Yes,Yes,Several times a week,Yes,,Please confirm you have read the post before continuing.,,,Strongly disagree,Strongly disagree,Strongly disagree,Strongly disagree,Disagree,Strongly disagree,Strongly disagree,Strongly disagree,Strongly agree,Strongly agree,Strongly agree,Strongly agree,Strongly agree,Strongly agree,Strongly agree,Strongly disagree,Strongly disagree,Strongly disagree,Prefer not to say,Prefer not to say,No,Extremely familiar,HL
12/09/2026 06:15,12/09/2026 06:39,IP Address,100,1483,TRUE,12/09/2026 06:39,R_43ZRZhGWV5Fbibv,,,,,anonymous,EN,FL_EOS_ID,,I agree,Yes,Yes,Daily,Yes,,,,Please confirm you have read the post before continuing.,Somewhat agree,Disagree,Somewhat agree,Neither agree nor disagree,Somewhat disagree,Disagree,Disagree,Disagree,Strongly agree,Strongly agree,Strongly agree,Strongly agree,Strongly agree,Strongly disagree,Strongly disagree,Strongly disagree,Somewhat disagree,Somewhat agree,25-34,Woman,Not sure / Cannot remember,Very familiar,LL
12/09/2026 08:10,12/09/2026 08:11,IP Address,100,105,TRUE,12/09/2026 08:11,R_3YGt7rdJhXGOZy1,,,,,anonymous,EN,FL_EOS_ID,,I agree,Yes,Yes,Several times a week,Yes,,,Please confirm you have read the post before continuing.,,Agree,Neither agree nor disagree,Somewhat agree,Agree,Somewhat agree,Somewhat agree,Neither agree nor disagree,Somewhat agree,Strongly agree,Strongly agree,Somewhat agree,Strongly agree,Agree,Agree,Agree,Agree,Agree,Agree,45 or above,Woman,Yes,Somewhat familiar,LH
12/09/2026 08:19,12/09/2026 08:21,IP Address,100,161,TRUE,12/09/2026 08:21,R_9k5P0vRCcgLNIAG,,,,,anonymous,EN,FL_EOS_ID,,I agree,Yes,Yes,Daily,Yes,Please confirm you have read the post before continuing.,,,,Somewhat agree,Agree,Strongly agree,Strongly agree,Neither agree nor disagree,Somewhat agree,Disagree,Disagree,Agree,Strongly agree,Agree,Strongly agree,Strongly agree,Disagree,Somewhat disagree,Agree,Somewhat agree,Somewhat agree,18-24,Prefer not to say,Yes,Somewhat familiar,HH
12/09/2026 10:25,12/09/2026 10:26,IP Address,100,87,TRUE,12/09/2026 10:26,R_9re8g8DbVYXjAo0,,,,,anonymous,EN,FL_EOS_ID,,I agree,Yes,Yes,Daily,Yes,,Please confirm you have read the post before continuing.,,,Disagree,Neither agree nor disagree,Agree,Somewhat agree,Disagree,Somewhat disagree,Neither agree nor disagree,Somewhat agree,Disagree,Somewhat agree,Neither agree nor disagree,Neither agree nor disagree,Strongly agree,Somewhat agree,Somewhat agree,Agree,Somewhat agree,Somewhat disagree,18-24,Man,No,Slightly familiar,HL
12/09/2026 11:06,12/09/2026 11:09,IP Address,100,224,TRUE,12/09/2026 11:09,R_9NX52gc2c59xnbk,,,,,anonymous,EN,FL_EOS_ID,,I agree,Yes,Yes,Daily,Yes,,,Please confirm you have read the post before continuing.,,Neither agree nor disagree,Neither agree nor disagree,Somewhat agree,Somewhat disagree,Somewhat disagree,Neither agree nor disagree,Somewhat disagree,Somewhat disagree,Agree,Somewhat agree,Somewhat disagree,Somewhat disagree,Strongly agree,Agree,Somewhat agree,Somewhat disagree,Neither agree nor disagree,Somewhat disagree,Prefer not to say,Woman,Yes,Slightly familiar,LH
12/09/2026 12:01,12/09/2026 12:04,IP Address,100,186,TRUE,12/09/2026 12:04,R_6QGGHye3FB7hjYd,,,,,anonymous,EN,FL_EOS_ID,,I agree,Yes,Yes,Daily,Yes,Please confirm you have read the post before continuing.,,,,Somewhat agree,Somewhat agree,Somewhat disagree,Somewhat disagree,Somewhat disagree,Somewhat disagree,Somewhat disagree,Disagree,Agree,Agree,Agree,Strongly agree,Somewhat agree,Agree,Agree,Somewhat agree,Disagree,Somewhat disagree,45 or above,Woman,Yes,Quite familiar,HH
12/09/2026 12:55,12/09/2026 12:56,IP Address,100,17,TRUE,12/09/2026 12:56,R_1fhytFmISJKGHTP,,,,,anonymous,EN,FL_EOS_ID,,I agree,No,Yes,,,,,,,,,,,,,,,,,,,,,,,,,,,,,
12/09/2026 12:56,12/09/2026 12:59,IP Address,100,172,TRUE,12/09/2026 12:59,R_7eJjQAedDl5gi3s,,,,,anonymous,EN,FL_EOS_ID,,I agree,Yes,Yes,Daily,Yes,,,,Please confirm you have read the post before continuing.,Disagree,Disagree,Neither agree nor disagree,Disagree,Neither agree nor disagree,Somewhat disagree,Disagree,Disagree,Agree,Agree,Agree,Agree,Strongly agree,Disagree,Disagree,Disagree,Disagree,Disagree,18-24,Woman,Yes,Moderately familiar,LL
12/09/2026 13:13,12/09/2026 13:13,IP Address,100,11,TRUE,12/09/2026 13:13,R_71dB0oqxfsShtnG,,,,,anonymous,EN,FL_EOS_ID,,I agree,No,Yes,,,,,,,,,,,,,,,,,,,,,,,,,,,,,
12/09/2026 16:41,12/09/2026 17:05,IP Address,100,1465,TRUE,12/09/2026 17:05,R_1HiPwcKAfekPDbJ,,,,,anonymous,EN,FL_EOS_ID,,I agree,Yes,Yes,Daily,Yes,Please confirm you have read the post before continuing.,,,,Strongly disagree,Neither agree nor disagree,Neither agree nor disagree,Neither agree nor disagree,Neither agree nor disagree,Neither agree nor disagree,Neither agree nor disagree,Neither agree nor disagree,Somewhat agree,Strongly agree,Strongly agree,Strongly agree,Strongly agree,Neither agree nor disagree,Somewhat agree,Somewhat agree,Disagree,Agree,25-34,Man,No,Somewhat familiar,HH
12/09/2026 17:17,12/09/2026 17:20,IP Address,100,157,TRUE,12/09/2026 17:20,R_5flSuW10I5mefDc,,,,,anonymous,EN,FL_EOS_ID,,I agree,Yes,Yes,Daily,Yes,,Please confirm you have read the post before continuing.,,,Neither agree nor disagree,Somewhat agree,Agree,Agree,Disagree,Disagree,Disagree,Strongly disagree,Strongly agree,Strongly agree,Strongly agree,Strongly agree,Strongly agree,Strongly agree,Strongly agree,Strongly disagree,Strongly disagree,Somewhat disagree,18-24,Man,Not sure / Cannot remember,Somewhat familiar,HL
12/09/2026 17:23,12/09/2026 17:26,IP Address,100,167,TRUE,12/09/2026 17:26,R_8QRv06NTWKd8ZUh,,,,,anonymous,EN,FL_EOS_ID,,I agree,Yes,Yes,Daily,Yes,,,Please confirm you have read the post before continuing.,,Somewhat disagree,Neither agree nor disagree,Somewhat agree,Somewhat agree,Neither agree nor disagree,Neither agree nor disagree,Neither agree nor disagree,Somewhat agree,Strongly agree,Strongly agree,Strongly agree,Agree,Strongly agree,Strongly agree,Strongly agree,Neither agree nor disagree,Disagree,Disagree,18-24,Man,Yes,Moderately familiar,LH
12/09/2026 17:26,12/09/2026 17:28,IP Address,100,152,TRUE,12/09/2026 17:28,R_679vPdJl11KfRuZ,,,,,anonymous,EN,FL_EOS_ID,,I agree,Yes,Yes,Daily,Yes,,,,Please confirm you have read the post before continuing.,Somewhat agree,Strongly agree,Strongly agree,Agree,Strongly disagree,Strongly disagree,Strongly disagree,Strongly disagree,Strongly agree,Strongly agree,Strongly agree,Strongly agree,Strongly agree,Strongly agree,Strongly agree,Somewhat agree,Strongly disagree,Strongly disagree,45 or above,Woman,Yes,Very familiar,LL
12/09/2026 18:39,12/09/2026 18:46,IP Address,100,434,TRUE,12/09/2026 18:46,R_7TS6b5pwMT3d2Pz,,,,,anonymous,EN,FL_EOS_ID,,I agree,Yes,Yes,Daily,Yes,Please confirm you have read the post before continuing.,,,,Disagree,Neither agree nor disagree,Somewhat agree,Somewhat disagree,Somewhat agree,Neither agree nor disagree,Somewhat agree,Somewhat disagree,Strongly agree,Strongly agree,Strongly agree,Strongly agree,Strongly agree,Agree,Strongly agree,Somewhat disagree,Disagree,Somewhat disagree,18-24,Man,Yes,Somewhat familiar,HH
13/09/2026 03:53,13/09/2026 03:57,IP Address,100,230,TRUE,13/09/2026 03:57,R_8r6N1JabHfanx6c,,,,,anonymous,EN,FL_EOS_ID,,I agree,Yes,Yes,Daily,Yes,,,Please confirm you have read the post before continuing.,,Agree,Agree,Neither agree nor disagree,Neither agree nor disagree,Somewhat disagree,Somewhat disagree,Neither agree nor disagree,Neither agree nor disagree,Agree,Agree,Agree,Agree,Strongly agree,Somewhat agree,Somewhat disagree,Neither agree nor disagree,Somewhat disagree,Somewhat agree,25-34,Woman,Yes,Quite familiar,LH
13/09/2026 04:22,13/09/2026 04:30,IP Address,100,445,TRUE,13/09/2026 04:30,R_4HqMZHGCAp4I9us,,,,,anonymous,EN,FL_EOS_ID,,I agree,Yes,Yes,Daily,Yes,,,,Please confirm you have read the post before continuing.,Neither agree nor disagree,Agree,Neither agree nor disagree,Neither agree nor disagree,Agree,Neither agree nor disagree,Agree,Somewhat agree,Strongly agree,Strongly agree,Strongly agree,Strongly agree,Agree,Strongly disagree,Strongly disagree,Neither agree nor disagree,Disagree,Somewhat agree,35-44,Man,Yes,Moderately familiar,LL
13/09/2026 05:00,13/09/2026 05:03,IP Address,100,202,TRUE,13/09/2026 05:03,R_9oiK1ERtmDvDyTm,,,,,anonymous,EN,FL_EOS_ID,,I agree,Yes,Yes,Daily,Yes,,Please confirm you have read the post before continuing.,,,Somewhat agree,Somewhat disagree,Somewhat disagree,Neither agree nor disagree,Disagree,Neither agree nor disagree,Neither agree nor disagree,Neither agree nor disagree,Agree,Agree,Agree,Agree,Strongly agree,Somewhat agree,Neither agree nor disagree,Neither agree nor disagree,Neither agree nor disagree,Neither agree nor disagree,35-44,Man,Yes,Somewhat familiar,HL
13/09/2026 08:34,13/09/2026 08:38,IP Address,100,210,TRUE,13/09/2026 08:38,R_7SrdxPQdDkxu842,,,,,anonymous,EN,FL_EOS_ID,,I agree,Yes,Yes,Daily,Yes,,,,Please confirm you have read the post before continuing.,Disagree,Somewhat disagree,Neither agree nor disagree,Somewhat agree,Neither agree nor disagree,Agree,Agree,Somewhat agree,Somewhat agree,Strongly agree,Strongly agree,Agree,Strongly agree,Agree,Agree,Agree,Somewhat disagree,Disagree,18-24,Man,No,Somewhat familiar,LL
13/09/2026 09:57,13/09/2026 09:59,IP Address,100,104,TRUE,13/09/2026 09:59,R_2flB1aNTohX0oCR,,,,,anonymous,EN,FL_EOS_ID,,I agree,Yes,Yes,Daily,Yes,,,Please confirm you have read the post before continuing.,,Strongly disagree,Agree,Agree,Agree,Strongly agree,Neither agree nor disagree,Neither agree nor disagree,Somewhat disagree,Somewhat agree,Neither agree nor disagree,Neither agree nor disagree,Neither agree nor disagree,Somewhat disagree,Neither agree nor disagree,Neither agree nor disagree,Neither agree nor disagree,Neither agree nor disagree,Neither agree nor disagree,18-24,Man,No,Not familiar at all,LH
13/09/2026 10:18,13/09/2026 10:18,IP Address,100,15,TRUE,13/09/2026 10:18,R_9V92TUMX9s0m3Ex,,,,,anonymous,EN,FL_EOS_ID,,I agree,No,Yes,,,,,,,,,,,,,,,,,,,,,,,,,,,,,
13/09/2026 11:21,13/09/2026 11:24,IP Address,100,157,TRUE,13/09/2026 11:24,R_8K7MUOPKP6GJCBY,,,,,anonymous,EN,FL_EOS_ID,,I agree,Yes,Yes,Daily,No,,Please confirm you have read the post before continuing.,,,Disagree,Agree,Strongly disagree,Disagree,Disagree,Disagree,Disagree,Disagree,Disagree,Disagree,Disagree,Disagree,Disagree,Disagree,Disagree,Disagree,Disagree,Disagree,18-24,Man,No,Not familiar at all,HL
13/09/2026 12:23,13/09/2026 12:30,IP Address,100,417,TRUE,13/09/2026 12:30,R_2szxJQpgRLwsP7J,,,,,anonymous,EN,FL_EOS_ID,,I agree,Yes,Yes,Daily,Yes,Please confirm you have read the post before continuing.,,,,Disagree,Somewhat disagree,Disagree,Somewhat agree,Strongly disagree,Disagree,Disagree,Disagree,Agree,Agree,Agree,Agree,Strongly agree,Neither agree nor disagree,Agree,Neither agree nor disagree,Disagree,Disagree,25-34,Man,Yes,Not familiar at all,HH
13/09/2026 12:56,13/09/2026 13:02,IP Address,100,356,TRUE,13/09/2026 13:02,R_4wshyuP8ki5oMsh,,,,,anonymous,EN,FL_EOS_ID,,I agree,Yes,Yes,Daily,Yes,,,Please confirm you have read the post before continuing.,,Somewhat agree,Strongly disagree,Somewhat agree,Somewhat agree,Disagree,Disagree,Strongly disagree,Disagree,Strongly agree,Strongly agree,Agree,Strongly agree,Strongly agree,Somewhat disagree,Neither agree nor disagree,Somewhat agree,Disagree,Somewhat disagree,18-24,Woman,Yes,Moderately familiar,LH
13/09/2026 13:23,13/09/2026 13:26,IP Address,100,174,TRUE,13/09/2026 13:26,R_4fP6aVeaeMi6FDr,,,,,anonymous,EN,FL_EOS_ID,,I agree,Yes,Yes,Daily,Yes,,,,Please confirm you have read the post before continuing.,Disagree,Strongly disagree,Disagree,Disagree,Strongly disagree,Strongly disagree,Disagree,Disagree,Agree,Strongly agree,Agree,Strongly agree,Strongly agree,Somewhat disagree,Neither agree nor disagree,Strongly disagree,Strongly disagree,Disagree,18-24,Woman,Yes,Slightly familiar,LL
13/09/2026 13:48,13/09/2026 13:52,IP Address,100,244,TRUE,13/09/2026 13:52,R_4XicKMjdzPOPflD,,,,,anonymous,EN,FL_EOS_ID,,I agree,Yes,Yes,Daily,Yes,,Please confirm you have read the post before continuing.,,,Somewhat agree,Somewhat disagree,Strongly disagree,Somewhat disagree,Strongly disagree,Somewhat agree,Somewhat agree,Somewhat disagree,Agree,Strongly agree,Strongly agree,Strongly agree,Strongly agree,Somewhat agree,Somewhat disagree,Disagree,Neither agree nor disagree,Somewhat agree,18-24,Woman,Yes,Very familiar,HL
13/09/2026 15:13,13/09/2026 15:15,IP Address,100,104,TRUE,13/09/2026 15:15,R_4EXs1Re8N2Evvj9,,,,,anonymous,EN,FL_EOS_ID,,I agree,Yes,Yes,Daily,Yes,Please confirm you have read the post before continuing.,,,,Disagree,Disagree,Agree,Somewhat agree,Somewhat agree,Somewhat agree,Somewhat agree,Somewhat agree,Strongly agree,Agree,Agree,Agree,Strongly agree,Agree,Agree,Agree,Agree,Agree,18-24,Woman,Yes,Very familiar,HH
13/09/2026 16:12,13/09/2026 16:12,IP Address,100,10,TRUE,13/09/2026 16:12,R_3VwWZ0H9L8KnRyF,,,,,anonymous,EN,FL_EOS_ID,,I agree,No,Yes,,,,,,,,,,,,,,,,,,,,,,,,,,,,,
13/09/2026 19:32,13/09/2026 19:35,IP Address,100,151,TRUE,13/09/2026 19:35,R_9qPUAEn0eSsgznC,,,,,anonymous,ZH-S,FL_EOS_ID,,I agree,Yes,Yes,Once a week,Yes,,,,Please confirm you have read the post before continuing.,Somewhat disagree,Somewhat disagree,Somewhat disagree,Somewhat disagree,Somewhat disagree,Disagree,Somewhat disagree,Disagree,Somewhat disagree,Somewhat disagree,Neither agree nor disagree,Disagree,Strongly agree,Somewhat disagree,Somewhat disagree,Somewhat disagree,Somewhat disagree,Somewhat disagree,35-44,Woman,No,Not familiar at all,LL
13/09/2026 20:45,13/09/2026 20:50,IP Address,100,322,TRUE,13/09/2026 20:50,R_9v6by9X1JBJTEi0,,,,,anonymous,EN,FL_EOS_ID,,I agree,Yes,Yes,Daily,Yes,Please confirm you have read the post before continuing.,,,,Disagree,Neither agree nor disagree,Disagree,Disagree,Strongly disagree,Disagree,Somewhat disagree,Somewhat disagree,Strongly agree,Strongly agree,Strongly agree,Strongly agree,Strongly agree,Agree,Agree,Strongly agree,Strongly agree,Somewhat disagree,35-44,Man,No,Slightly familiar,HH
13/09/2026 20:57,13/09/2026 21:02,IP Address,100,272,TRUE,13/09/2026 21:02,R_8y9QLcPHxdln9al,,,,,anonymous,EN,FL_EOS_ID,,I agree,Yes,Yes,Daily,Yes,,,Please confirm you have read the post before continuing.,,Neither agree nor disagree,Somewhat agree,Neither agree nor disagree,Neither agree nor disagree,Somewhat disagree,Somewhat disagree,Somewhat disagree,Somewhat disagree,Strongly agree,Strongly agree,Strongly agree,Strongly agree,Strongly agree,Strongly agree,Somewhat disagree,Somewhat disagree,Somewhat disagree,Strongly disagree,Prefer not to say,Prefer not to say,Yes,Moderately familiar,LH
14/09/2026 00:55,14/09/2026 00:59,IP Address,100,219,TRUE,14/09/2026 00:59,R_9PXUYjvKWuYHWJt,,,,,anonymous,EN,FL_EOS_ID,,I agree,Yes,Yes,Daily,Yes,,Please confirm you have read the post before continuing.,,,Disagree,Disagree,Neither agree nor disagree,Disagree,Somewhat agree,Agree,Somewhat disagree,Somewhat agree,Strongly agree,Strongly agree,Strongly agree,Strongly agree,Strongly agree,Strongly agree,Strongly agree,Somewhat disagree,Somewhat disagree,Disagree,18-24,Woman,Yes,Very familiar,HL
14/09/2026 03:06,14/09/2026 03:12,IP Address,100,369,TRUE,14/09/2026 03:12,R_8n2A4uXEImZ7d2U,,,,,anonymous,EN,FL_EOS_ID,,I agree,Yes,Yes,Daily,Yes,,Please confirm you have read the post before continuing.,,,Somewhat agree,Agree,Somewhat disagree,Neither agree nor disagree,Somewhat agree,Neither agree nor disagree,Somewhat disagree,Disagree,Strongly agree,Strongly agree,Strongly agree,Strongly agree,Strongly agree,Strongly agree,Strongly agree,Agree,Disagree,Strongly agree,18-24,Woman,No,Quite familiar,HL
14/09/2026 04:26,14/09/2026 04:28,IP Address,100,133,TRUE,14/09/2026 04:28,R_9CYncNmNaGknf4B,,,,,anonymous,EN,FL_EOS_ID,,I agree,Yes,Yes,Daily,Yes,,,Please confirm you have read the post before continuing.,,Agree,Agree,Somewhat agree,Somewhat agree,Agree,Agree,Somewhat agree,Somewhat agree,Strongly agree,Strongly agree,Strongly agree,Strongly agree,Strongly agree,Agree,Agree,Agree,Agree,Agree,25-34,Woman,Yes,Quite familiar,LH
14/09/2026 04:26,14/09/2026 04:31,IP Address,100,269,TRUE,14/09/2026 04:31,R_9NLYEpknLSn1XIB,,,,,anonymous,EN,FL_EOS_ID,,I agree,Yes,Yes,Once a week,Yes,Please confirm you have read the post before continuing.,,,,Somewhat disagree,Somewhat disagree,Strongly disagree,Strongly disagree,Somewhat agree,Somewhat agree,Agree,Neither agree nor disagree,Agree,Somewhat disagree,Agree,Agree,Somewhat disagree,Neither agree nor disagree,Somewhat agree,Somewhat disagree,Somewhat disagree,Neither agree nor disagree,18-24,Man,Yes,Somewhat familiar,HH
14/09/2026 05:20,14/09/2026 05:25,IP Address,100,278,TRUE,14/09/2026 05:25,R_4YburV2VpFbrpaS,,,,,anonymous,EN,FL_EOS_ID,,I agree,Yes,Yes,Daily,Yes,,,,Please confirm you have read the post before continuing.,Somewhat disagree,Somewhat agree,Somewhat disagree,Neither agree nor disagree,Neither agree nor disagree,Somewhat agree,Agree,Agree,Strongly agree,Strongly agree,Strongly agree,Strongly agree,Strongly agree,Strongly agree,Strongly agree,Strongly agree,Strongly agree,Strongly agree,18-24,Woman,Yes,Extremely familiar,LL
14/09/2026 06:20,14/09/2026 06:29,IP Address,100,484,TRUE,14/09/2026 06:29,R_216ZB7X25Ai6vra,,,,,anonymous,EN,FL_EOS_ID,,I agree,Yes,Yes,Daily,Yes,,Please confirm you have read the post before continuing.,,,Neither agree nor disagree,Neither agree nor disagree,Neither agree nor disagree,Neither agree nor disagree,Somewhat disagree,Neither agree nor disagree,Neither agree nor disagree,Somewhat disagree,Strongly agree,Strongly agree,Strongly agree,Strongly agree,Strongly agree,Strongly agree,Strongly agree,Disagree,Disagree,Disagree,18-24,Man,Not sure / Cannot remember,Not familiar at all,HL
14/09/2026 07:34,14/09/2026 07:35,IP Address,100,75,TRUE,14/09/2026 07:35,R_82zX3U45rwxCio4,,,,,anonymous,EN,FL_EOS_ID,,I agree,Yes,Yes,Daily,Yes,Please confirm you have read the post before continuing.,,,,Disagree,Disagree,Disagree,Somewhat disagree,Strongly disagree,Strongly disagree,Disagree,Disagree,Agree,Neither agree nor disagree,Somewhat agree,Somewhat disagree,Neither agree nor disagree,Somewhat agree,Somewhat disagree,Strongly agree,Neither agree nor disagree,Somewhat disagree,18-24,Woman,No,Somewhat familiar,HH
14/09/2026 09:00,14/09/2026 09:04,IP Address,100,261,TRUE,14/09/2026 09:04,R_8hAML5qGXrNZZnS,,,,,anonymous,EN,FL_EOS_ID,,I agree,Yes,Yes,Daily,Yes,,,,Please confirm you have read the post before continuing.,Neither agree nor disagree,Neither agree nor disagree,Disagree,Strongly disagree,Somewhat agree,Somewhat agree,Somewhat agree,Disagree,Strongly agree,Strongly agree,Strongly agree,Strongly agree,Strongly agree,Strongly agree,Strongly agree,Strongly disagree,Strongly disagree,Strongly disagree,25-34,Woman,Yes,Extremely familiar,LL
14/09/2026 09:04,14/09/2026 09:06,IP Address,100,116,TRUE,14/09/2026 09:06,R_6uOLrPGnnLfoscq,,,,,anonymous,EN,FL_EOS_ID,,I agree,Yes,Yes,Daily,Yes,,,Please confirm you have read the post before continuing.,,Agree,Agree,Agree,Agree,Neither agree nor disagree,Neither agree nor disagree,Neither agree nor disagree,Neither agree nor disagree,Agree,Agree,Agree,Agree,Strongly agree,Neither agree nor disagree,Agree,Agree,Agree,Agree,35-44,Woman,Yes,Moderately familiar,LH
14/09/2026 10:20,14/09/2026 10:24,IP Address,100,227,TRUE,14/09/2026 10:24,R_8UY18OOrGf9zf7r,,,,,anonymous,EN,FL_EOS_ID,,I agree,Yes,Yes,Daily,Yes,Please confirm you have read the post before continuing.,,,,Agree,Somewhat agree,Somewhat agree,Agree,Neither agree nor disagree,Somewhat agree,Somewhat agree,Somewhat disagree,Strongly agree,Strongly agree,Strongly agree,Strongly agree,Strongly agree,Agree,Somewhat agree,Somewhat agree,Somewhat agree,Agree,18-24,Woman,Yes,Quite familiar,HH
14/09/2026 10:34,14/09/2026 10:39,IP Address,100,303,TRUE,14/09/2026 10:39,R_5QwEwlCWUTHfZdL,,,,,anonymous,EN,FL_EOS_ID,,I agree,Yes,Yes,Daily,Yes,,,Please confirm you have read the post before continuing.,,Somewhat agree,Neither agree nor disagree,Neither agree nor disagree,Neither agree nor disagree,Disagree,Disagree,Disagree,Disagree,Agree,Agree,Agree,Agree,Strongly agree,Agree,Somewhat agree,Neither agree nor disagree,Disagree,Somewhat agree,25-34,Woman,Yes,Moderately familiar,LH
14/09/2026 10:44,14/09/2026 10:47,IP Address,100,217,TRUE,14/09/2026 10:47,R_9WxAZPBe5plBtwB,,,,,anonymous,EN,FL_EOS_ID,,I agree,Yes,Yes,Daily,Yes,,Please confirm you have read the post before continuing.,,,Somewhat agree,Agree,Somewhat agree,Neither agree nor disagree,Strongly disagree,Disagree,Disagree,Disagree,Strongly agree,Strongly agree,Strongly agree,Strongly agree,Strongly agree,Strongly agree,Strongly agree,Strongly disagree,Somewhat disagree,Strongly disagree,18-24,Man,No,Somewhat familiar,HL
14/09/2026 09:45,14/09/2026 10:53,IP Address,100,4087,TRUE,14/09/2026 10:53,R_1PbEdGG45fT2UHW,,,,,anonymous,EN,FL_EOS_ID,,I agree,Yes,Yes,Daily,Yes,,,,Please confirm you have read the post before continuing.,Agree,Agree,Agree,Agree,Neither agree nor disagree,Somewhat agree,Agree,Agree,Strongly agree,Strongly agree,Strongly agree,Strongly agree,Strongly agree,Strongly disagree,Somewhat disagree,Disagree,Somewhat agree,Somewhat agree,35-44,Man,No,Slightly familiar,LL
14/09/2026 10:52,14/09/2026 10:55,IP Address,100,180,TRUE,14/09/2026 10:55,R_2elX0Cimi0qZhl5,,,,,anonymous,EN,FL_EOS_ID,,I agree,Yes,Yes,Daily,Yes,Please confirm you have read the post before continuing.,,,,Disagree,Disagree,Neither agree nor disagree,Disagree,Somewhat disagree,Neither agree nor disagree,Neither agree nor disagree,Somewhat disagree,Strongly agree,Strongly agree,Strongly agree,Strongly agree,Agree,Agree,Strongly agree,Neither agree nor disagree,Disagree,Somewhat disagree,25-34,Man,No,Moderately familiar,HH
14/09/2026 11:00,14/09/2026 11:05,IP Address,100,320,TRUE,14/09/2026 11:05,R_2kMmxnRSov07ojw,,,,,anonymous,EN,FL_EOS_ID,,I agree,Yes,Yes,Daily,Yes,,Please confirm you have read the post before continuing.,,,Neither agree nor disagree,Neither agree nor disagree,Somewhat agree,Somewhat agree,Neither agree nor disagree,Neither agree nor disagree,Somewhat agree,Somewhat agree,Strongly agree,Strongly agree,Agree,Strongly agree,Strongly agree,Strongly agree,Strongly agree,Somewhat agree,Somewhat disagree,Somewhat agree,18-24,Man,Yes,Quite familiar,HL
14/09/2026 11:56,14/09/2026 11:57,IP Address,100,68,TRUE,14/09/2026 11:57,R_2IxzJVSzmJnSJ3j,,,,,anonymous,EN,FL_EOS_ID,,I agree,Yes,Yes,Once a week,No,,,Please confirm you have read the post before continuing.,,Somewhat disagree,Neither agree nor disagree,Somewhat agree,Disagree,Somewhat agree,Somewhat agree,Agree,Somewhat disagree,Disagree,Somewhat disagree,Somewhat disagree,Somewhat disagree,Strongly agree,Neither agree nor disagree,Somewhat agree,Somewhat disagree,Somewhat disagree,Somewhat disagree,45 or above,Man,No,Moderately familiar,LH
14/09/2026 12:23,14/09/2026 12:26,IP Address,100,180,TRUE,14/09/2026 12:26,R_841PhfBgkUqsjUI,,,,,anonymous,EN,FL_EOS_ID,,I agree,Yes,Yes,Daily,Yes,,,,Please confirm you have read the post before continuing.,Neither agree nor disagree,Somewhat disagree,Agree,Somewhat agree,Somewhat disagree,Somewhat disagree,Somewhat agree,Somewhat agree,Agree,Somewhat agree,Agree,Somewhat agree,Strongly disagree,Disagree,Somewhat disagree,Somewhat disagree,Disagree,Somewhat disagree,18-24,Woman,Yes,Very familiar,LL
14/09/2026 12:25,14/09/2026 12:29,IP Address,100,246,TRUE,14/09/2026 12:29,R_2oM97IbUtpUjNdx,,,,,anonymous,EN,FL_EOS_ID,,I agree,Yes,Yes,Daily,Yes,,,,Please confirm you have read the post before continuing.,Disagree,Agree,Somewhat disagree,Neither agree nor disagree,Disagree,Disagree,Disagree,Disagree,Agree,Agree,Agree,Agree,Strongly agree,Agree,Agree,Disagree,Disagree,Disagree,25-34,Woman,Not sure / Cannot remember,Quite familiar,LL
14/09/2026 13:45,14/09/2026 13:49,IP Address,100,238,TRUE,14/09/2026 13:49,R_8506CZ0i23C5j45,,,,,anonymous,EN,FL_EOS_ID,,I agree,Yes,Yes,Daily,Yes,Please confirm you have read the post before continuing.,,,,Somewhat agree,Somewhat agree,Agree,Somewhat agree,Somewhat agree,Agree,Agree,Somewhat agree,Agree,Somewhat agree,Agree,Agree,Agree,Agree,Agree,Neither agree nor disagree,Somewhat agree,Somewhat agree,35-44,Man,Yes,Not familiar at all,HH
14/09/2026 22:40,14/09/2026 22:44,IP Address,100,250,TRUE,14/09/2026 22:44,R_9huLSulQG985Xpe,,,,,anonymous,EN,FL_EOS_ID,,I agree,Yes,Yes,Daily,Yes,,,Please confirm you have read the post before continuing.,,Neither agree nor disagree,Neither agree nor disagree,Somewhat agree,Neither agree nor disagree,Somewhat disagree,Somewhat agree,Neither agree nor disagree,Somewhat disagree,Strongly agree,Agree,Agree,Agree,Strongly agree,Somewhat agree,Agree,Somewhat agree,Neither agree nor disagree,Agree,18-24,Woman,No,Quite familiar,LH
15/09/2026 00:26,15/09/2026 00:30,IP Address,100,256,TRUE,15/09/2026 00:30,R_9rq3khyi2U3QsAc,,,,,anonymous,EN,FL_EOS_ID,,I agree,Yes,Yes,Daily,Yes,,Please confirm you have read the post before continuing.,,,Neither agree nor disagree,Somewhat disagree,Neither agree nor disagree,Neither agree nor disagree,Neither agree nor disagree,Somewhat disagree,Neither agree nor disagree,Neither agree nor disagree,Agree,Agree,Agree,Agree,Somewhat agree,Neither agree nor disagree,Somewhat disagree,Somewhat disagree,Neither agree nor disagree,Somewhat disagree,35-44,Woman,Yes,Very familiar,HL
15/09/2026 00:37,15/09/2026 00:39,IP Address,100,158,TRUE,15/09/2026 00:39,R_6PLXsmzMSTPl1cn,,,,,anonymous,EN,FL_EOS_ID,,I agree,Yes,Yes,Several times a week,Yes,,,Please confirm you have read the post before continuing.,,Somewhat agree,Somewhat agree,Somewhat agree,Somewhat agree,Somewhat disagree,Somewhat disagree,Neither agree nor disagree,Disagree,Strongly agree,Strongly agree,Strongly agree,Strongly agree,Strongly agree,Somewhat disagree,Somewhat disagree,Somewhat agree,Disagree,Somewhat disagree,18-24,Man,Yes,Slightly familiar,LH
15/09/2026 01:03,15/09/2026 01:08,IP Address,100,288,TRUE,15/09/2026 01:08,R_4P76hO43VgXHb5D,,,,,anonymous,EN,FL_EOS_ID,,I agree,Yes,Yes,Daily,Yes,,Please confirm you have read the post before continuing.,,,Disagree,Somewhat disagree,Disagree,Somewhat disagree,Disagree,Disagree,Disagree,Disagree,Disagree,Somewhat disagree,Somewhat disagree,Disagree,Strongly disagree,Strongly disagree,Strongly disagree,Strongly disagree,Strongly disagree,Strongly disagree,18-24,Woman,Not sure / Cannot remember,Somewhat familiar,HL
15/09/2026 01:10,15/09/2026 01:15,IP Address,100,303,TRUE,15/09/2026 01:15,R_2ez82YQ39qtzyrY,,,,,anonymous,EN,FL_EOS_ID,,I agree,Yes,Yes,Daily,Yes,Please confirm you have read the post before continuing.,,,,Neither agree nor disagree,Neither agree nor disagree,Neither agree nor disagree,Neither agree nor disagree,Neither agree nor disagree,Neither agree nor disagree,Neither agree nor disagree,Neither agree nor disagree,Agree,Strongly agree,Strongly agree,Agree,Strongly agree,Agree,Neither agree nor disagree,Neither agree nor disagree,Neither agree nor disagree,Neither agree nor disagree,25-34,Man,Not sure / Cannot remember,Slightly familiar,HH
15/09/2026 01:10,15/09/2026 01:18,IP Address,100,484,TRUE,15/09/2026 01:18,R_9svMRXAEXVbgvc0,,,,,anonymous,EN,FL_EOS_ID,,I agree,Yes,Yes,Daily,Yes,,,,Please confirm you have read the post before continuing.,Strongly disagree,Disagree,Disagree,Disagree,Strongly disagree,Disagree,Disagree,Disagree,Strongly disagree,Disagree,Disagree,Disagree,Strongly disagree,Disagree,Disagree,Disagree,Disagree,Disagree,18-24,Woman,Not sure / Cannot remember,Somewhat familiar,LL
15/09/2026 02:52,15/09/2026 02:56,IP Address,100,222,TRUE,15/09/2026 02:56,R_9E3PhVoimUmFSII,,,,,anonymous,EN,FL_EOS_ID,,I agree,Yes,Yes,I don't use social media,Yes,Please confirm you have read the post before continuing.,,,,Disagree,Neither agree nor disagree,Somewhat disagree,Neither agree nor disagree,Strongly disagree,Disagree,Disagree,Disagree,Agree,Agree,Strongly agree,Strongly agree,Strongly agree,Agree,Agree,Somewhat agree,Disagree,Somewhat agree,18-24,Woman,No,Slightly familiar,HH
15/09/2026 02:54,15/09/2026 02:56,IP Address,100,131,TRUE,15/09/2026 02:56,R_54cSKjsKOGaaGur,,,,,anonymous,ZH-S,FL_EOS_ID,,I agree,Yes,Yes,Daily,Yes,,,,Please confirm you have read the post before continuing.,Somewhat disagree,Disagree,Disagree,Disagree,Somewhat disagree,Somewhat agree,Disagree,Disagree,Strongly agree,Strongly agree,Somewhat agree,Somewhat agree,Strongly agree,Somewhat agree,Somewhat agree,Disagree,Strongly disagree,Strongly disagree,25-34,Man,Yes,Slightly familiar,LL
15/09/2026 03:20,15/09/2026 03:20,IP Address,100,21,TRUE,15/09/2026 03:20,R_4pAa369g0EWBRns,,,,,anonymous,EN,FL_EOS_ID,,I agree,No,Yes,,,,,,,,,,,,,,,,,,,,,,,,,,,,,
15/09/2026 04:27,15/09/2026 04:30,IP Address,100,177,TRUE,15/09/2026 04:30,R_2ePHuYRejGqifgB,,,,,anonymous,EN,FL_EOS_ID,,I agree,Yes,Yes,Daily,Yes,,,Please confirm you have read the post before continuing.,,Strongly agree,Strongly agree,Strongly agree,Strongly agree,Strongly disagree,Neither agree nor disagree,Neither agree nor disagree,Somewhat disagree,Strongly agree,Strongly agree,Strongly agree,Somewhat agree,Strongly agree,Strongly disagree,Somewhat agree,Somewhat agree,Somewhat disagree,Strongly agree,45 or above,Man,Yes,Extremely familiar,LH
15/09/2026 04:30,15/09/2026 04:32,IP Address,100,121,TRUE,15/09/2026 04:32,R_84uw9dzxdZa2VHJ,,,,,anonymous,EN,FL_EOS_ID,,I agree,Yes,Yes,Daily,Yes,,Please confirm you have read the post before continuing.,,,Somewhat agree,Somewhat agree,Somewhat agree,Agree,Neither agree nor disagree,Neither agree nor disagree,Somewhat agree,Somewhat agree,Strongly agree,Strongly agree,Strongly agree,Strongly agree,Strongly agree,Neither agree nor disagree,Somewhat agree,Somewhat agree,Somewhat agree,Somewhat agree,25-34,Man,Yes,Slightly familiar,HL
15/09/2026 04:35,15/09/2026 04:38,IP Address,100,202,TRUE,15/09/2026 04:38,R_8fvwHVmI24B9o3y,,,,,anonymous,EN,FL_EOS_ID,,I agree,Yes,Yes,Daily,Yes,,,,Please confirm you have read the post before continuing.,Disagree,Disagree,Somewhat agree,Somewhat disagree,Somewhat disagree,Neither agree nor disagree,Somewhat agree,Somewhat agree,Strongly agree,Strongly agree,Strongly agree,Strongly agree,Strongly agree,Disagree,Disagree,Disagree,Disagree,Disagree,25-34,Man,Not sure / Cannot remember,Somewhat familiar,LL
15/09/2026 05:01,15/09/2026 05:04,IP Address,100,179,TRUE,15/09/2026 05:04,R_8AKlJRMdyq3J89Q,,,,,anonymous,EN,FL_EOS_ID,,I agree,Yes,Yes,Daily,Yes,Please confirm you have read the post before continuing.,,,,Somewhat agree,Somewhat agree,Agree,Agree,Neither agree nor disagree,Somewhat agree,Agree,Agree,Strongly agree,Strongly agree,Agree,Strongly agree,Strongly agree,Strongly agree,Agree,Agree,Somewhat agree,Agree,25-34,Man,Yes,Quite familiar,HH
15/09/2026 06:14,15/09/2026 06:17,IP Address,100,167,TRUE,15/09/2026 06:17,R_8pKGlqkmmCO7W0h,,,,,anonymous,EN,FL_EOS_ID,,I agree,Yes,Yes,Daily,Yes,,Please confirm you have read the post before continuing.,,,Somewhat disagree,Disagree,Disagree,Disagree,Strongly disagree,Strongly disagree,Neither agree nor disagree,Neither agree nor disagree,Strongly agree,Strongly agree,Strongly agree,Strongly agree,Strongly agree,Neither agree nor disagree,Somewhat agree,Somewhat agree,Somewhat disagree,Somewhat agree,45 or above,Woman,Yes,Quite familiar,HL
15/09/2026 07:59,15/09/2026 08:07,IP Address,100,481,TRUE,15/09/2026 08:07,R_2DdmY9Eyv6bZOMR,,,,,anonymous,EN,FL_EOS_ID,,I agree,Yes,Yes,Daily,Yes,,,Please confirm you have read the post before continuing.,,Somewhat agree,Agree,Agree,Strongly agree,Neither agree nor disagree,Neither agree nor disagree,Neither agree nor disagree,Neither agree nor disagree,Agree,Agree,Somewhat agree,Agree,Strongly agree,Somewhat agree,Strongly agree,Somewhat agree,Somewhat agree,Agree,18-24,Woman,Yes,Very familiar,LH
13/09/2026 19:47,15/09/2026 08:38,IP Address,100,132661,TRUE,15/09/2026 08:38,R_4JsJzCWSTftANSV,,,,,anonymous,EN,FL_EOS_ID,,I agree,No,Yes,,,,,,,,,,,,,,,,,,,,,,,,,,,,,
15/09/2026 14:03,15/09/2026 14:08,IP Address,100,324,TRUE,15/09/2026 14:08,R_8eJOvHH774KlHJn,,,,,anonymous,EN,FL_EOS_ID,,I agree,Yes,Yes,Daily,Yes,,,,Please confirm you have read the post before continuing.,Neither agree nor disagree,Neither agree nor disagree,Neither agree nor disagree,Neither agree nor disagree,Strongly disagree,Strongly disagree,Strongly disagree,Neither agree nor disagree,Somewhat agree,Somewhat disagree,Agree,Agree,Strongly agree,Disagree,Somewhat agree,Somewhat agree,Somewhat disagree,Somewhat agree,35-44,Woman,Yes,Quite familiar,LL
08/09/2026 13:19,08/09/2026 13:22,IP Address,100,197,TRUE,08/09/2026 13:22,R_8wTEVyiqB5aRbes,,,,,anonymous,ZH-S,FL_EOS_ID,,I agree,Yes,Yes,Daily,Yes,Please confirm you have read the post before continuing.,,,,Agree,Strongly agree,Strongly agree,Strongly agree,Neither agree nor disagree,Somewhat agree,Agree,Neither agree nor disagree,Strongly agree,Strongly agree,Strongly agree,Strongly agree,Strongly agree,Strongly agree,Strongly agree,Strongly agree,Strongly agree,Strongly agree,25-34,Woman,Yes,Very familiar,HH
08/09/2026 13:19,08/09/2026 13:23,IP Address,100,269,TRUE,08/09/2026 13:23,R_4hFxAaAjVfl0PeK,,,,,anonymous,ZH-S,FL_EOS_ID,,I agree,Yes,Yes,Daily,Yes,,Please confirm you have read the post before continuing.,,,Strongly agree,Strongly agree,Agree,Strongly agree,Strongly disagree,Strongly agree,Strongly agree,Strongly agree,Strongly agree,Strongly agree,Strongly agree,Strongly agree,Strongly agree,Strongly agree,Strongly agree,Somewhat agree,Strongly disagree,Somewhat agree,18-24,Man,Yes,Not familiar at all,HL
08/09/2026 13:28,08/09/2026 13:30,IP Address,100,92,TRUE,08/09/2026 13:30,R_8UyoJSnHcQ4vZGV,,,,,anonymous,ZH-S,FL_EOS_ID,,I agree,Yes,Yes,Daily,Yes,,,Please confirm you have read the post before continuing.,,Strongly agree,Agree,Strongly agree,Strongly agree,Neither agree nor disagree,Agree,Somewhat agree,Agree,Disagree,Somewhat disagree,Agree,Disagree,Strongly agree,Strongly disagree,Strongly disagree,Strongly agree,Agree,Strongly agree,25-34,Woman,Yes,Quite familiar,LH
08/09/2026 13:37,08/09/2026 13:40,IP Address,100,144,TRUE,08/09/2026 13:40,R_997IpvNP3boDRrr,,,,,anonymous,ZH-S,FL_EOS_ID,,I agree,Yes,Yes,Daily,Yes,,,Please confirm you have read the post before continuing.,,Strongly agree,Strongly agree,Strongly agree,Strongly agree,Somewhat disagree,Somewhat disagree,Disagree,Strongly disagree,Somewhat disagree,Somewhat disagree,Strongly agree,Somewhat disagree,Strongly agree,Somewhat agree,Somewhat agree,Strongly agree,Strongly agree,Strongly agree,18-24,Man,Yes,Not familiar at all,LH
08/09/2026 13:40,08/09/2026 13:41,IP Address,100,80,TRUE,08/09/2026 13:41,R_22Ph8CPsACf5U4q,,,,,anonymous,ZH-S,FL_EOS_ID,,I agree,Yes,Yes,Daily,Yes,,Please confirm you have read the post before continuing.,,,Disagree,Disagree,Disagree,Disagree,Disagree,Disagree,Disagree,Disagree,Disagree,Disagree,Disagree,Disagree,Disagree,Disagree,Disagree,Disagree,Disagree,Disagree,25-34,Woman,No,Extremely familiar,HL
08/09/2026 13:49,08/09/2026 13:51,IP Address,100,99,TRUE,08/09/2026 13:51,R_2vijJ9heYybo3zL,,,,,anonymous,ZH-S,FL_EOS_ID,,I agree,Yes,Yes,Daily,Yes,Please confirm you have read the post before continuing.,,,,Somewhat agree,Agree,Strongly agree,Somewhat agree,Somewhat disagree,Neither agree nor disagree,Somewhat agree,Neither agree nor disagree,Strongly agree,Strongly agree,Strongly agree,Strongly agree,Strongly agree,Strongly agree,Strongly agree,Strongly agree,Strongly agree,Strongly agree,25-34,Woman,Yes,Quite familiar,HH
08/09/2026 14:25,08/09/2026 14:28,IP Address,100,174,TRUE,08/09/2026 14:28,R_2DZmYnsCHWuMBWx,,,,,anonymous,ZH-S,FL_EOS_ID,,I agree,Yes,Yes,Daily,Yes,,,Please confirm you have read the post before continuing.,,Agree,Somewhat agree,Neither agree nor disagree,Neither agree nor disagree,Somewhat disagree,Disagree,Somewhat disagree,Neither agree nor disagree,Strongly agree,Strongly agree,Agree,Agree,Strongly agree,Disagree,Strongly agree,Agree,Somewhat agree,Somewhat agree,25-34,Woman,Yes,Very familiar,LH
08/09/2026 17:46,08/09/2026 17:47,IP Address,100,90,TRUE,08/09/2026 17:47,R_80hEeM3suHazbTe,,,,,anonymous,ZH-S,FL_EOS_ID,,I agree,Yes,Yes,Daily,Yes,,,,Please confirm you have read the post before continuing.,Neither agree nor disagree,Neither agree nor disagree,Somewhat agree,Somewhat agree,Neither agree nor disagree,Neither agree nor disagree,Neither agree nor disagree,Neither agree nor disagree,Agree,Agree,Agree,Agree,Strongly agree,Agree,Somewhat agree,Somewhat agree,Neither agree nor disagree,Neither agree nor disagree,18-24,Man,Yes,Slightly familiar,LL
08/09/2026 22:30,08/09/2026 22:33,IP Address,100,187,TRUE,08/09/2026 22:33,R_6HN6qyB1zJOFwgO,,,,,anonymous,ZH-S,FL_EOS_ID,,I agree,Yes,Yes,Daily,Yes,,Please confirm you have read the post before continuing.,,,Disagree,Disagree,Disagree,Somewhat disagree,Neither agree nor disagree,Neither agree nor disagree,Neither agree nor disagree,Neither agree nor disagree,Strongly agree,Strongly agree,Strongly agree,Strongly agree,Strongly agree,Strongly agree,Strongly agree,Somewhat disagree,Somewhat disagree,Somewhat disagree,25-34,Woman,Yes,Quite familiar,HL
08/09/2026 15:10,09/09/2026 03:23,IP Address,100,44029,TRUE,09/09/2026 03:23,R_209Rwfq13q41ghb,,,,,anonymous,ZH-S,FL_EOS_ID,,I agree,Yes,Yes,Daily,Yes,Please confirm you have read the post before continuing.,,,,Somewhat agree,Somewhat agree,Neither agree nor disagree,Disagree,Strongly disagree,Disagree,Disagree,Disagree,Strongly agree,Strongly agree,Strongly agree,Strongly agree,Strongly agree,Strongly agree,Strongly agree,Strongly agree,Strongly disagree,Agree,25-34,Man,Yes,Extremely familiar,HH
09/09/2026 18:51,09/09/2026 18:52,IP Address,100,40,TRUE,16/09/2026 18:52,R_9Vlw8iz6puBLada,,,,,qr,ZH-S,FL_EOS_ID,,I agree,Yes,Yes,Daily,Yes,,,,Please confirm you have read the post before continuing.,Disagree,Disagree,Somewhat disagree,Disagree,Disagree,Somewhat disagree,Disagree,Somewhat disagree,Strongly disagree,Somewhat agree,Disagree,Disagree,Strongly agree,Strongly disagree,Strongly disagree,Somewhat disagree,Disagree,Disagree,45 or above,Man,Yes,Slightly familiar,LL
09/09/2026 16:28,09/09/2026 16:29,IP Address,100,113,TRUE,16/09/2026 16:30,R_8HiSK8Oic2sWqGh,,,,,anonymous,ZH-S,FL_EOS_ID,,I agree,Yes,Yes,Daily,Yes,,,,Please confirm you have read the post before continuing.,Somewhat disagree,Somewhat disagree,Disagree,Disagree,Neither agree nor disagree,Disagree,Disagree,Disagree,Strongly disagree,Disagree,Somewhat disagree,Disagree,Strongly agree,Strongly disagree,Strongly disagree,Disagree,Disagree,Disagree,18-24,Woman,Yes,Quite familiar,LL
09/09/2026 05:32,09/09/2026 08:17,IP Address,100,9937,TRUE,16/09/2026 08:17,R_2ELulZjdWrtQ3TT,,,,,qr,ZH-S,FL_EOS_ID,,I agree,Yes,Yes,Daily,Yes,,,,Please confirm you have read the post before continuing.,Somewhat disagree,Disagree,Somewhat disagree,Disagree,Neither agree nor disagree,Disagree,Somewhat disagree,Somewhat disagree,Strongly disagree,Somewhat agree,Neither agree nor disagree,Disagree,Strongly agree,Strongly disagree,Strongly disagree,Somewhat disagree,Disagree,Disagree,25-34,Woman,Yes,Extremely familiar,LL